,repo,commit
0,airswap-protocols,ce8b47e6f3bec7fbf19d0592cf7b916a134f860c
1,airswap-protocols,a757dc5cf7df3854c994ba2af3d42733642f1cab
2,airswap-protocols,872101e3afefd312477a1d23205e53e53d467386
3,airswap-protocols,eab2adeb6851c8cd055c35291911bbca760b76e7
4,airswap-protocols,f45fc9269460ab0b5802b55a3f2cf097bbefd30a
5,airswap-protocols,6624e32baeabf7978d777130fe56a81f42c9e68a
6,airswap-protocols,7c4df2ebc73695f6fb15fc8a84dab87c8c108f5c
7,airswap-protocols,03a62c0a1820117e3ba765ab42f95ac3cdececd4
8,airswap-protocols,8af9f667aec62dec50386536093e6a04cf7a5792
9,airswap-protocols,b37abb6d744cc2dc7d9e0aca871ef30115eeb0b3
10,airswap-protocols,0d124624eaf7b281822925006270f28a534bdc38
11,airswap-protocols,e1b0123abef2559379e3605ae7fe7990e4da5eed
12,airswap-protocols,90a78eccf2345b4840284f264e15b2492232a7bd
13,airswap-protocols,25c0db635e1d6c3b47f6b0f42f7b0d72bf393a0b
14,airswap-protocols,bc324a2799733c0bd2421be273bd2d42ee182c65
15,airswap-protocols,4e2c8106f16627bee0ef874f28d3dce91f8ccae1
16,airswap-protocols,498b1b4134b8c83f24d59b38c624c2b5d30ff31d
17,airswap-protocols,9ed85ed534fa8eb7c10d4c6dc6ce34429e8ef2d8
18,airswap-protocols,bdfbd78ceca997fd8d830ae3fd13d675148db320
19,airswap-protocols,f8880f1d9c856beb749f61fb28f2aa5d3ef6cf0e
20,airswap-protocols,669a085f0672cf236ff3b746311a6ac34b2d106e
21,airswap-protocols,2db9b7af681d64dccce89a90de49854ee18cacda
22,airswap-protocols,3a69358b5c30ce3d3d4beb75524bc2da0e9799d4
23,airswap-protocols,dfd293126384af08d8310b4e7161fbeaab6d3aa5
24,airswap-protocols,4133188d9240d4fbd1192e3d9b6e15601ed135da
25,airswap-protocols,f9af2a5f0a6c8fc41ac766c6b15b62ff071bbc74
26,airswap-protocols,3b778dd8cfa0db19ab78e4127db8d1f3818fb32f
27,airswap-protocols,089281adb4a1d4f5b664c0e828380426fdcfcaf0
28,airswap-protocols,58119045dc272c9a7872c46ebc335894cb63aec6
29,airswap-protocols,ddd38a0b998d27ca9f010e20dd3b1104d0e12737
30,airswap-protocols,43b7b30459ef0a6fd1e7a1006cf5ed1cb4ce4a0a
31,airswap-protocols,afb0acdd637349c3b67ad5273836909791ba157b
32,airswap-protocols,23cf3f0724c88e09672aade53e0d2e0ef6fc27b8
33,airswap-protocols,466774439da2ab574bc84f932b3a3537390a95c2
34,airswap-protocols,e3b1c079f888e0eb52e6875a7058a819948a1ba2
35,airswap-protocols,9e32a643c31ccf23ea0c3af64c15c9e6a0a0013b
36,airswap-protocols,25428cbf8d74c42c850074ebfa132b0e3b763819
37,airswap-protocols,d885f16b771e493973c100801cda6af12fcc1db2
38,airswap-protocols,3e4602e21319a1182d36953c91e33ba4ba88093b
39,airswap-protocols,1c4769f8f81706b241225b2e11bdb4a6b2e5b30d
40,airswap-protocols,6dda6f0a1ea83e48486b7005da890564b1d5aad3
41,airswap-protocols,e57dc35d474d1604107e8aed94b6a46fcde6f47c
42,airswap-protocols,b5b9170d200536f4eec8208af31adb3214050c3a
43,airswap-protocols,1ef221fb4d8d63940ed3f900abe8f9d74b9fb360
44,airswap-protocols,a25fbf7d94c0229d8115a692f02df09d51b0a596
45,airswap-protocols,9d658aa7e2d2a5c8b22303f4d27a70fb85bae624
46,airswap-protocols,b0f28d908d57237f25d078839deada0f49397d1a
47,airswap-protocols,d719624100ea7e87916a499996b1c35008ada07d
48,airswap-protocols,230cc54de88ccc9c157a0d4191b83e1e898950a2
49,airswap-protocols,2cb1e839ace8ddf760aa55027042ce2eb3a0c960
50,airswap-protocols,cec8ea4092aaf3d4bfbce5419da7ccbf3e92353b
51,airswap-protocols,61c9e3b3efde33eef784aa61e9308be63e10b6a4
52,airswap-protocols,0e33e15d4b6050ff3b437e0545705adcfac87a73
53,airswap-protocols,8ad0cb8193f3306fefa31cd5e2ac0a4a5842c146
54,airswap-protocols,88b225fc486f521f5148dc5b38a8be8b8128a49a
55,airswap-protocols,0183dd63c7608e450ef37f2cdd631dd9aef4c4db
56,airswap-protocols,b309c642fa6bc24aad7a7e1bf1df7b6565430284
57,airswap-protocols,2925299490a97289db2a4168ffe40cc46aa73634
58,airswap-protocols,84fb18fac8647552cf4235b9f804babcdddf4339
59,airswap-protocols,e6bf05dab3ff58e341e192e05138d487708de33c
60,airswap-protocols,7dbebe3ac61bee65c2b7dfe136e962a00fedbbc5
61,airswap-protocols,1654a3bece31480b054460e3d8aebfa3b534f7d4
62,airswap-protocols,f880774a4f97ab5ae201cea7b2a4ac1ccc21b8d9
63,airswap-protocols,ff306db8db801e7584caaec9d7de7cacee35bcf4
64,airswap-protocols,827cee0aef5292af01c4233569f2afd908a90aed
65,airswap-protocols,d31c030a2a15322e3a790137b7e282017bc64520
66,airswap-protocols,1c7804879c7ac9463e15f2b7ac7a57f6381e4681
67,airswap-protocols,42d4d6c164aa4b2d957653969e99dcee0e8e59c6
68,airswap-protocols,af3cca4b3b70c6cba65d1d1acbe32107b501677f
69,airswap-protocols,514580a6ccbf1897ff78d56da06402e1484da2f2
70,airswap-protocols,f66b8d02171f74ebbf72589276c98a318a69aecb
71,airswap-protocols,d7185cc46b67c26bf44b7b8a396d9cde954ba17c
72,airswap-protocols,43c4b49391868847ed7863ee2add57fb2100af20
73,airswap-protocols,0e78b63bd3ce82fb7e70d639b931183fc20087f0
74,airswap-protocols,8141f16d7792c115f4ab82c57424dc046fd47999
75,airswap-protocols,82ca44eae3193ab45204b93bb69a7a8039374e88
76,airswap-protocols,0333305e75696bb4aee691edb97acbc9297911fa
77,airswap-protocols,f2b6a9389eb007770bdc4664be528e7d3a056709
78,airswap-protocols,73a6cc645244e4289e755b906a67024de8d88699
79,airswap-protocols,8fc5b7edf56a37dae430453750799414d5949cf3
80,airswap-protocols,399baf2a55d534b76e5d52db4adbc030d5df79a7
81,airswap-protocols,7d28fe7383d1f9672441714413c74b207d3fda51
82,airswap-protocols,389b1dbd46ae2a743b335589f3097a1dc001388a
