,repo,commit
0,aragon-apps,c4b779a1c737f55a6ad9363ef25ec8e54413c1bb
1,aragon-apps,87eccbd45e326aa2a3e8d5afdadd9517b8d3a4c2
2,aragon-apps,e70687c454f7ec220bf44bf79aa59af30a1da9c0
3,aragon-apps,87b3a5282b858a825a6e649784b940d4f7fcc148
4,aragon-apps,1ff595a2a0e71feb39b04d7f99cec1f6e0a68d18
5,aragon-apps,7a2ae95fbdd41f3f862684ac423aef58951aa2a6
6,aragon-apps,300e7b9e1be1fac06136999cb5f3e745ce33e7cc
7,aragon-apps,4792a04683fd04671287ef7ed15757b5d33a2cdc
8,aragon-apps,73d2d7673fa176893886f1a4c95406ab60a761ee
9,aragon-apps,035024e2d2e869a52cc50814824cec5444a80fab
10,aragon-apps,f4ae575f27487a36980d00991a10c4d51dc47cf5
11,aragon-apps,d52cc1fe80b3cc670987b2c356a90dddd033f186
12,aragon-apps,46282949c5aec7a41d5c21e89463a2523f6ae0d9
13,aragon-apps,d34844a5c74d9b50d016f5425f36d5928ba19400
14,aragon-apps,4fbb8f80aeb557c7b8cdda2ddaf3fc0f4c4d89ff
15,aragon-apps,b883322903725c0d622ba615d477245da1747276
16,aragon-apps,05d7692fcfb9cf5bc25a96674e09825defa2bbf3
17,aragon-apps,3549193936cdf3898fecab0986ba450cd17e7ff9
18,aragon-apps,9a129a8b6630b84adfef97f73fad818312f5b09a
19,aragon-apps,12a63fc894ab5bd6835cfd39aaada467854092e9
20,aragon-apps,817ee9c2615a199807a3f78bd23599d54a5468a3
21,aragon-apps,2297be6aac5481ee667053e8486ef7334eccad2e
22,aragon-apps,ea974252a2940f060ea85e7ddbf55cb4bb1ee85c
23,aragon-apps,0b1a4213f3953ac2e99866bee382ff8ca1ca3534
24,aragon-apps,38a651ab4eb6cce36f9c8c4137fa7078ca0ddd35
25,aragon-apps,68d860bc4e95aa845cf00a093d0ce3e872419831
26,aragon-apps,04af12e4ae88f0bdaf6911207f38d2579c91434d
27,aragon-apps,e52aae4bcae478633e57e4106bcbd136f0ad3441
28,aragon-apps,b2ed65dbf20c8f87fb1b5575dda44b8614ab258b
29,aragon-apps,57d8978433047563f251d198d279687176d26362
30,aragon-apps,475b883119ed1114211dc6b1683533ba7ef37919
31,aragon-apps,c1256f0e1b96e78666fbf90d39559eef4b3970b2
32,aragon-apps,aff584ec78545cfb71415dcf2e56426e17a9f9cd
33,aragon-apps,a66f8762589e27a0b0313a444c6f13fec26b5267
34,aragon-apps,65f3a6eb945be9fe27615973978e9ec37bcb46ed
35,aragon-apps,02e79bda56c124d1a4f370ec84575c2e477770b2
36,aragon-apps,3c3db0dd3c29e9f2d2bceb66e1a9fb8ef50224b8
37,aragon-apps,5f86d8c3a13141b5f4a4add6cc110a08dd369a04
38,aragon-apps,3a85fb9c8d67d82c2a9a647035c8d3545ecc83e5
39,aragon-apps,c893567c6041f345d82ad32271427ec17b756cf7
40,aragon-apps,96400e7748bdd0d2a8e6ac316138e9dfecf3a863
41,aragon-apps,51807a9c8a894207482fe4b6a62f4187d1c81b86
42,aragon-apps,019410a90ae43c5171be8bb576396194acdbb235
43,aragon-apps,54bf211bcfabf5f2b323b2bdec711a5165ac2297
44,aragon-apps,a6ddd0fe168b14737525eea8398b86b50e7f6eb9
45,aragon-apps,96855bfe96a3539e919d7469f6d60b8271ddba75
46,aragon-apps,909d908160669215a3290be6258485add467f58d
47,aragon-apps,9b23ca76e03a93c4f606f15c67238cf5146426b9
48,aragon-apps,cdaee275d2831168a4ce2b9843a1f62abcf8e210
49,aragon-apps,a3a763f3d2c8a82c2dc1007558a16aa1d5ec4fa7
50,aragon-apps,5c681cf95c48a8b39231e63787695322705b9a5c
51,aragon-apps,b468b839c6c9be78434bb67b8d8036c0ab014a6c
52,aragon-apps,bdcda6b49cc9d3eb1b5ee8bb95e239d57e41de59
53,aragon-apps,cfc9e8528b2a73bf679ff064d71193f04c3d12f0
54,aragon-apps,dbc967d252f35a5e90bad9ed8208e35257a01aad
55,aragon-apps,b5f409884c3cb1be3f95c1856d575ffe31bd49ea
56,aragon-apps,e9387b822bc9048a837561144d4cc7290e83edea
57,aragon-apps,94cf4334b9615953ca7f4d4f22384cd37c0b7d52
58,aragon-apps,21bab91e807019673dc19d0aec98ebed94cff099
59,aragon-apps,1eee70c049c6fd0e5da7730a21c029e28efec1c1
60,aragon-apps,abb10d4f8a9b337fb5b7aedebb20f99f835f5c0f
61,aragon-apps,709cf1944c7fe55870aaa403d1e2c12e09fbd8f3
62,aragon-apps,cb1e21abf5abfdde03b4ab2002afeb948db54594
63,aragon-apps,ddc0076206bf65052df29acd0fa4b20a59882dc1
64,aragon-apps,5b54be8e9a62d88b5ec8abcfd6a1db0f7be6d0ba
65,aragon-apps,29b1662c5584875717b1e78ec011c137bc697556
66,aragon-apps,52a1f14ef841bce57fa48ce3910989cca4b8f084
67,aragon-apps,72a97f77c40b7eaed00fa1ba41e3a10594e8f1f5
68,aragon-apps,203cde572211e87f6494d3078a67560ceb27745c
69,aragon-apps,3bb6eebf73e741b57a58a2dc0607e56956bfb957
70,aragon-apps,2d5fb7286722482a7561514440bf46a1a7617280
71,aragon-apps,07c7c195d445fa95166b344718e754d8359d742e
72,aragon-apps,6bb186bbba641fea32a9f21d6ff56b627e4dece5
73,aragon-apps,a53f9aced7184a0e4281a6e2789b44cb0b698420
74,aragon-apps,d48fdc65dde6acdc9c869906f079317bf1417470
75,aragon-apps,b67aae66ccf47c41c9238f2ec13cdb395783fb53
76,aragon-apps,9fc3d5498d71484f3aaac7e21dc6e06dbddecf58
77,aragon-apps,73fe6c094b6c94c8f5f101274821c10ef3d53ea8
78,aragon-apps,d4bb811012d564f7e2ba4497a57bf3aca1776ac8
79,aragon-apps,74b64b961eafa8b0198635fcfdaf97d5f86d827b
80,aragon-apps,eef144713c250d4a1a8acd8b4fd57584ea36f317
81,aragon-apps,ef099666451a6f95ce02f7dc59ce5cfb8306bcb6
82,aragon-apps,e450209b9512ad6db3de606e68ca7be02a04e4ac
83,aragon-apps,61171671330b45d5e2d9d94234cf7b65d659dd98
84,aragon-apps,13fc00df37c31a2babb6cb2d503a2b350e64a149
85,aragon-apps,22844bdb3af9b86d39b4ba1d6e9d643172ecb707
86,aragon-apps,35ffca72ab5b5a4fb84ae8a0ba086a18790e5f7b
87,aragon-apps,babd22b0e9c34de9dcc4be9fcb1e76e9609fc05d
88,aragon-apps,17e707cb4f10ae0f6899bfb331e2fe50b9f5755e
89,aragon-apps,f82d07def153e70d0d913bd98ef664aa026e5db7
90,aragon-apps,d684cbdc3e5ee5f5f58d59a08cb923ca0eb079e1
91,aragon-apps,52b1e5324c0db97f3db8a566f3a9fead0762892a
92,aragon-apps,561581ca153b3ea1525b1414c45d151e659d5f90
93,aragon-apps,535e4fbb1d47702e6448ca6cbe138750d7187f17
94,aragon-apps,f386f164e5af5bf7bf4cec497379a99d3ddf4cd0
95,aragon-apps,656bd5809395d1497edf6e5df1ed94030203555c
96,aragon-apps,88152082059adaf1ec44a446b7ad4044aa3f01f6
97,aragon-apps,623eefaff86fe2e9d4232683f6ec918a0bcb80f2
98,aragon-apps,5ff9ef813230422ace1bdb442856e62fb38d6212
99,aragon-apps,ff2d35211d4e3e5765cd40d82670b5b5017232cc
100,aragon-apps,9e6ed36216d77703a282e187c2420f41fe420a99
101,aragon-apps,546011939130f3791920408abc8b2b365797035d
102,aragon-apps,1b1814fbeedc9c6543c25744d67a1f36c2c258bc
103,aragon-apps,9ef043337a57668cfd540675b40bc748e666a034
104,aragon-apps,a8a3c509a6e3b5ffbca97b4392c7263e104dee8d
105,aragon-apps,11d11f516a0398719e2dd1fc7f278a1c2cc37bcf
