,repo,commit
0,argent-contracts,26cdaadde3e16186e1cbe775602daa2c3bc09744
1,argent-contracts,d53affd4d89783b9248ae778e8f2a677fb57c1bb
2,argent-contracts,90f2a23c7c7e0b400e9a66a6876e705db614eff9
3,argent-contracts,32a60098b808fcfe3a213566f9a8679b9a117f11
4,argent-contracts,0b36ec17c7ecbcd8cf7402b72aabeb10b5e02496
5,argent-contracts,cc71058ec6a759c0fef6779245065e0a33dcdeed
6,argent-contracts,a574c92f7174262c281c9f1982b09a1e3583594c
7,argent-contracts,ce08fd4f93127ad39811259df5b656cfee90eca2
8,argent-contracts,676a411a1b8c612cc3144246468641a410d3ea03
9,argent-contracts,9f7f988db625958e1bb1b1fad333867d6c5b12f6
10,argent-contracts,969c6c9942b76d43b60c33c926fbedc168d7f065
11,argent-contracts,f2ab139a6080909d4d715e6ad68fc9ced9005d46
12,argent-contracts,b8fe2c63b2dc4d1ab6c6b6e85b890b5d2632d3f5
13,argent-contracts,c7019a5cb062e2edf42145665dea335db4387b44
14,argent-contracts,cc62567dca394744a40082ef8ca74a2848262246
15,argent-contracts,0d1df582feacc0788f27d8e672e5be6d4bee6842
16,argent-contracts,a921f5ffe16364e28b930bb5512922aaebc5f396
17,argent-contracts,8ae01eb391177f6c7295d07ca80f04795e0a8f4a
18,argent-contracts,970a5ce1f6335a6a4e36335edbfb2e089018e03e
19,argent-contracts,e1918f35040e107101adccd3a058bb0e6f41d25b
20,argent-contracts,910525d1bda28bad92a8629e67a5eb9f3d196299
21,argent-contracts,4b84f350d593a757c40a44ad9ba0652d2df49e3b
22,argent-contracts,91a9eca0126ebbd94f160c23d39f946c1601f36f
23,argent-contracts,ea92ffec83d397a91af00004ab94d23ca0782a13
24,argent-contracts,31d1439d7855b26ff88e8a8ad0a98ac249f2d8aa
25,argent-contracts,30ea2641308d326278d16b9be37f377e16020ab3
26,argent-contracts,021c07d2938c2bd45ab6bc081204960413327a19
27,argent-contracts,704c8397d6de177a2c9b017a0e459ffbd0458718
28,argent-contracts,153341e29afd37b08ecd8accf0dac828a12f1f50
29,argent-contracts,c11dd7c644656c603a5625955788443caa9ff43f
30,argent-contracts,078de8b04003bc5a921918b136b5054d5c91d76c
31,argent-contracts,7037e169fbf4549db9e90a09be648bd921aa0a09
32,argent-contracts,9098cb3595092beddfcafd455f217388be02832e
33,argent-contracts,c47604dfe46ed3262cb6ae6fd6feac2e21e43106
34,argent-contracts,cb8917196d1d335e649745d5c0c4cde7f9d0f1e9
35,argent-contracts,75ee48a5f68c88525e95ebeb37e1bbb72022b9db
36,argent-contracts,4a5eafa2e4cc6312eccf5a6467a0335f50a8277c
37,argent-contracts,8831444a55297e16db2d5147a60cb79a60c989e1
38,argent-contracts,7b9ddfc46794b24f948dc1aab2cec92f1acb1036
39,argent-contracts,cb6d45c546ed20aa3b1a4a0977789baa1a2be419
40,argent-contracts,7d9425d452895dc2651118d11fd018b6f33a730e
41,argent-contracts,f66f309355110703a3ba17be4741d2f610fe25eb
42,argent-contracts,879bba997b929889b04599d4d80226c7078f91e5
43,argent-contracts,f51436cd329721d1d1c99bfc6668d1e738acdcba
44,argent-contracts,4fbd428f054342ee5dc65ecc31eb0e3e8a8b0cad
45,argent-contracts,ba1d66ab10f746e01dad26a8bfba5e4bb8022f12
46,argent-contracts,0b0473e58d7dd3f1729baad1de24d59e1431f92e
47,argent-contracts,d14171357b6ddd46ce33fb59e9fd0131a630a2ee
48,argent-contracts,af094862211569fef6acd208b86cf49d4a39aa4a
49,argent-contracts,fdabaaca11e0f9bebd4c217bac8f573a9f3288fe
50,argent-contracts,825bc4b5649056571ae70f7b5932e02e54691e1c
51,argent-contracts,69c880dde9b3173f51c51737dfad50ee30f3e65d
52,argent-contracts,876927a7c551b948751970a5843ce0754bdf326e
53,argent-contracts,45947d2c16f24e213427d1ee8edd6de59d42cfe8
54,argent-contracts,2ca4661e58ef87470e19612780e7a765c65759e2
55,argent-contracts,3a5c7b6986d9bf135d485835d33383872a5db688
56,argent-contracts,879fbd36c9380b6e181e8ada216a41ab6e1d3cdb
57,argent-contracts,f270a12323b8964a858f095b6a64c6f828dd1c85
58,argent-contracts,c733ad688cfcc06dd6382c814c6bca0a66f33543
59,argent-contracts,f763db290513cdb9211fdf15ae66c741646019aa
60,argent-contracts,59f6e3476ded333c2d67d44f8c652aef718223c2
61,argent-contracts,73174b83684355ce19d3c3d4c9763166c1f3c9df
62,argent-contracts,fb31c9bebf652e97980747de6d9b43813ac0b071
63,argent-contracts,441bb4ead6f0ce28e320ef2623956a5e276ca4cb
64,argent-contracts,73fd211160ca01cd22b1a22dc3a2a8fed209b27c
65,argent-contracts,3e22689b5ad9a8193c96f950f90719593168130e
66,argent-contracts,b548064fc0d066db4af3d65ed27227930773ebb4
67,argent-contracts,3e3ec24605a761c4b5f1f3bfb3ab489170f25fd3
68,argent-contracts,61358bef41517e9d691dc2ee9c66e5d107082792
69,argent-contracts,be5d3bed5ab2b0d1c88f33db717dd36be4454283
70,argent-contracts,ed6a220ccc1425de24d1738e3a0f4270838109fb
71,argent-contracts,3f5249cfd378f2357cdd9550cdfed32fa8b9b8a4
72,argent-contracts,97f43d5caab9c339f83ca4aa895fec1a1f2a4cd4
73,argent-contracts,0883fc69ca5449325d0a1a51e86f5e88c31241b4
74,argent-contracts,503d95e718c2f679941813c70a26f29655e92f4d
75,argent-contracts,703644e54f1ebca53835fb42cec1ee2133453da4
76,argent-contracts,dedd9649ccb896d40ffacd3e4907116bc67da5e8
77,argent-contracts,ea4f789d22385cb81c5fbd09ff163f5bd7740c29
78,argent-contracts,cc9987334b6b9c8febf2850e276212846a2dd0f4
79,argent-contracts,64d3528bfc28d1e0f9078bb23db08c57612e651a
80,argent-contracts,5173e896e638e474a1026ef82f4607367753460b
81,argent-contracts,46f39ed7ca795e1ffe408bab263099b16a933349
82,argent-contracts,0f5e3dbedd6b134965f827cbd8f4e8ae56b26bbf
83,argent-contracts,00aad782c558e7429f263f8544b5c55c8cffe5ba
84,argent-contracts,009718d4925c6cfb2cab387454e73044abb46a60
85,argent-contracts,ededb5f9d68873cb8fbb5ab0d3d67c009720b561
86,argent-contracts,e739c6d3493eafdfd5b288b5c0862e5e38c2bee4
87,argent-contracts,b59a9db02f0a8891403e87a086c3f9e141d5ba99
88,argent-contracts,3fe0431582884e83d981fbd8fad4f36603f2adf5
89,argent-contracts,b5b7d1ac3cb308c690a057a3f6a9fc4f67a8539d
90,argent-contracts,1236ce046ea99619614048c2f6b47bd52e105ae6
91,argent-contracts,cfa129741eafb47007a15a6ecf5736e1703168d8
92,argent-contracts,b0d8d62ab72c070a619af99917ca878aa89a16bd
93,argent-contracts,75b972b1aa6b2ae7953a04fd1652c7119fe57693
94,argent-contracts,9e0233b67324b0398406b880a01da80786d17d22
95,argent-contracts,e0492d92fae376130c28dc3caf03fcdeaa3e8dbf
96,argent-contracts,440bffe7e380b7f70ed0b521d54196289ec2acf7
97,argent-contracts,c73970bcf84c065eadaf25a094f59700a40454f3
98,argent-contracts,d2f52b35d127177c50f8682b66cb57444cb0c18a
99,argent-contracts,247846202ac3ca8590e4a988e405d62c95b1a03d
100,argent-contracts,e4d78dfbb5a0ae49425c6667d883059469b2eb16
101,argent-contracts,d9d7d37eb0d39a44cef256f48697f3f5baa612ae
102,argent-contracts,c6ab6ed0decc3813348a0f030b814391dd550f8f
103,argent-contracts,63c3478f6a74046c1346272119cee6850bdeccca
104,argent-contracts,f697d5cb13c49a72702ecba2e58d843c81413442
105,argent-contracts,aff41882be7376f3b1a36475a323b1252bb10d8e
106,argent-contracts,ee30c882956a0a3f3ce2f7883b1318a6c7e87a29
107,argent-contracts,62b764e3abed6ab3bcebf60b8e5d45b2a3543700
108,argent-contracts,7f904ac5fe743711cfaf8461b8a867f001161434
109,argent-contracts,af94b7c134e5a824a91328dca1df54ea8d86a1d3
110,argent-contracts,d37c7b728d0f7f803a3a5197ec70048aace75bb5
111,argent-contracts,e523d75f691084f7a8baedf2616515d238796b50
112,argent-contracts,c22799c1e24652d9dfded8711c439b573172b42a
113,argent-contracts,80a759e67b71686fa4dce72780d4d6a9c9479d98
114,argent-contracts,f5061f859b41ca3ebe8a9fb5ee4ec0a173b20420
115,argent-contracts,21b5b43c8b01f3f0fddb0d3f5c86927084869c69
116,argent-contracts,e34ddd18b167775cb5303ec8904c4c4f729cae34
117,argent-contracts,e04506d582c403558cdd42012a092a8632ba9874
118,argent-contracts,f42cde45d5ecf6211b35ef438d837923fe4626c7
119,argent-contracts,8892ae2c35021d0aef57b0ffe2c87a5c4249ff9c
120,argent-contracts,8daf509ddb2f1a18b51924de06e8c8c8a566f2b2
121,argent-contracts,56af9489c91aa6f816c528278591ef56775a5229
122,argent-contracts,de357ee0f137e7d964337d7e41f8defbfe3cefa2
123,argent-contracts,168b9a8c91da061e123bafca975ce0e319112619
124,argent-contracts,429e03a450a04c1f6ae484b30ad394f5939a52a0
125,argent-contracts,bcfd95f7190ba01d642b6f79a115a14ba5a2ba83
126,argent-contracts,99985962cab2459f7629a1b59e8ff8eb781e7d13
127,argent-contracts,5d1970244f838afd43a5c90e23bd3febf0c43b37
128,argent-contracts,f1d938c3c065affd80887e5805df95821513674f
129,argent-contracts,8a45e8cc961011db56374f940938707045917a0d
130,argent-contracts,8c92cf9d62061bed0695e39a9c4b7bf86f650f91
131,argent-contracts,0666e7b3b2347db4ecec43cd1a33713f5fd54e58
132,argent-contracts,da5a26ce60f35c462363f3f8f324e9d1689a14f9
133,argent-contracts,cdf97a248d6a9288d76681a3eecc8b868237fa73
134,argent-contracts,96a6defefe81bd47030be8f19c79fb983edd71c3
135,argent-contracts,767a3fe00888a6b3686f563b697fd3b3de898bf1
136,argent-contracts,d5e360a9ba8b2f8ef1ea6f729b3f709dedab9051
137,argent-contracts,7ede0fc5d0aef6096789873a4d0869ac87388763
138,argent-contracts,35cf3ba4257a370209343bd1c35a5a3231597f09
139,argent-contracts,e4666f9abd524ab7cacb9cef39d3d6e969aa4d74
140,argent-contracts,66529fd7e50d9a2dcd4ceecf5dcffa2284e92a3b
141,argent-contracts,91ededc3cd4b92f8db97b765cc8ba788f5b37209
142,argent-contracts,10dc629a1dd1ff5eea834fdb913e6dc563cc5deb
143,argent-contracts,e2e761b70bb3853bcf136efea4d003168abebc5e
144,argent-contracts,b5c9a2ed89a247e29b78ee9c7bc71ae14caeaf11
145,argent-contracts,6e89adfa4f717827db783c645e708e6c099fb947
146,argent-contracts,97adb2f60afae15640ff774ddb7812e094d0c344
147,argent-contracts,ac069105db2af5fdfdb9191361d62a3c08d702a1
148,argent-contracts,8b4b491806873bd6eac57944bfa9391060d37a07
149,argent-contracts,ddfbe6ec9344cee9dc6759dd17f09c1baf7cb6a2
150,argent-contracts,e86a3c5c5d8da78a80e91837315b267b37b0e124
151,argent-contracts,3cb715cb86796f075418bbdc7f5c408b339f4ebe
152,argent-contracts,b9b5a1364fad5e866de39623e59589626e012a66
153,argent-contracts,55b6b2c598350ce8f0c6a00c2bfc5907393a8c5c
154,argent-contracts,a4bd3db291b006f6ce19847ed371f32b828fedf2
155,argent-contracts,07ad4a8969fca918b8b5b191dcfbf4577c484097
156,argent-contracts,045fe0860e6975e18c4d998622d39e71db6444f0
