,repo,commit
0,bandprotocol-contracts,f4fcde34736233b581cec00653d0f0dac8d742b5
1,bandprotocol-contracts,f1cf2cbcd6938c460423590842cab3c6278612a9
2,bandprotocol-contracts,9e1a3375b09f18a506afc1d58ae7f4fdb624cdd1
3,bandprotocol-contracts,fb9c3ed04f8bb13c59177ddfc208df9e9ac65a03
4,bandprotocol-contracts,d1e90fec943dc24c85f577c9e7018d8e5cc935b4
5,bandprotocol-contracts,de63b3b0e049fb5998ec91ae2d7e5ba93b8788b9
6,bandprotocol-contracts,f84f4f25852af32d0d4dfea279b21940dd5e8128
7,bandprotocol-contracts,33a5258e7cb545e7b590ad2fc12e14ff7c81cef8
8,bandprotocol-contracts,15e5bffbd0c55c7ada9e18296b555288014d6ecb
9,bandprotocol-contracts,4e6178aeb23ea6b7b4888f4e7af77d5e877fadc5
10,bandprotocol-contracts,e5b609093a191efe0eba1b9b67bebfec4faeac9a
11,bandprotocol-contracts,d703fb893dd5f578120a536b606164a01b6ae4fd
12,bandprotocol-contracts,cc7da229673f348ed7fa3186d443996ff4a07aab
13,bandprotocol-contracts,29c842ec9f654c40fdf87a16ab5bc2583da2cb2a
14,bandprotocol-contracts,450340fb9190b7de176404770c05566042dd8697
15,bandprotocol-contracts,27819130a6fc4b29da9b8201c9e167e43db1c73f
16,bandprotocol-contracts,084e05e4eda088bc46e96e1a9725284584ce2771
17,bandprotocol-contracts,d11ae575f31241957edad3a1ce4ac6ac42065625
18,bandprotocol-contracts,cda0edc24b8609dd276bb3cb34eac8b5209fb42c
19,bandprotocol-contracts,553b41688bc2edc48ca60d1760271ba8689071c4
20,bandprotocol-contracts,71ec67dbb7b67511ef4722f942bb97e18670f507
21,bandprotocol-contracts,9c0079f85e8432918242e489f0b2dacfc7c00a48
22,bandprotocol-contracts,3795c5e3b9eb6205fbaefdc10fcd28be2c5744c2
23,bandprotocol-contracts,e4c09f6d3b92b893527c09bba65eb241b0c8346c
24,bandprotocol-contracts,9c50a35f81587434d969fb61f241de7dff682942
25,bandprotocol-contracts,8734bc4f05c5d7bf360c27e71578ba7ad29e5c56
26,bandprotocol-contracts,042865725edd08d436fe4cab07f7f18c2fca8022
27,bandprotocol-contracts,fee302ffff8c6908b7dc41bfd6ddd0060033d965
28,bandprotocol-contracts,ccb55fa223b096be0a64f1418eb84a8ed6723e86
29,bandprotocol-contracts,cdd90471b0d8d228a367f34b2a2227f78c5bc72e
30,bandprotocol-contracts,38c9600a55174f07d775228c4ac6c09091d64b78
31,bandprotocol-contracts,9bf6fd082401e68c36db62cb18dcec84e6183327
32,bandprotocol-contracts,31ea2411520cd41b129ba6a85732de28751afc85
33,bandprotocol-contracts,3726c4ab4db7179c96ee3ae61e19ab071e50453d
34,bandprotocol-contracts,dbfbcc97357a637cb09c7eb1005a052dc985e151
35,bandprotocol-contracts,049a09b05029b1c8cf8daa3642f330e410e055de
36,bandprotocol-contracts,5c59286bb111716c84764c6cc308d4e06a9a5b42
37,bandprotocol-contracts,20d7058f93463c66bc69b0bfaf75168801feaee2
38,bandprotocol-contracts,05f0ce8d5bb4874b004cf14dfae6bc2d951356dd
39,bandprotocol-contracts,f448a6c8ef8479abac88891ab03115ebe8534cab
