,repo,commit
0,bsc-genesis-contract,4381fc7a27807c17745be8fce09dfbc8f41baaa6
1,bsc-genesis-contract,807927b757b7fa72fb4dec7f6b093d651e52f731
2,bsc-genesis-contract,e9d3e5980779876513ee8d2db60a21342f2626ab
3,bsc-genesis-contract,b3e2eceda8dd0b87d5845a0ccd667d7dac00b88e
4,bsc-genesis-contract,ed928562811bfd28db1b47e871ab699d22f173d0
5,bsc-genesis-contract,dc740cf310ab8ba81a8bb593ebdc7cce73364670
6,bsc-genesis-contract,49a97f29b8e49903fa22f1d5ad6b1935b246b1dd
7,bsc-genesis-contract,8232f4245e6b0e2a3d13b644d599dad9d1d64a07
8,bsc-genesis-contract,d2926bf3fef90f7f98b05f136baa0664c71ccd73
9,bsc-genesis-contract,b4b2e92cb3e112a59cd8411f0f9839bb8a963cfa
10,bsc-genesis-contract,3a53258bbea380f33b9b53de8cbef9ab3e0c0348
11,bsc-genesis-contract,130d4b57b87e25a292ff0dadeb5c5f0ef480d769
12,bsc-genesis-contract,d582c13bef67072a1ac44b3891858e6d05caa184
13,bsc-genesis-contract,88054812c8b6fcd51c99b5ec3f506d6ae174c919
14,bsc-genesis-contract,7eb7efbb330bd0c36ea45cb76ac21b3e2d057e16
15,bsc-genesis-contract,6f00c00036ff82ef10bbc43f2b004d775efa5d84
16,bsc-genesis-contract,beb1ca40a4fdc8af2647ab15d2b6e3a43c4ee498
17,bsc-genesis-contract,b3c33bad63576145f02c057a6ebbee99643165be
18,bsc-genesis-contract,43485ac5dd214b23af9fa814120edd73726d78f3
19,bsc-genesis-contract,7035d286824618559d97c260d4239ed65dd7ac1f
