,repo,commit
0,colonyNetwork,e57a2a1cfe693b77e187a3714622dba4ec408910
1,colonyNetwork,82e838f9e1b2b05cbb5c6fc21b6dafb8b3bb7584
2,colonyNetwork,89fdf92beed1ba3504616ad26ad2399ddcc6e22f
3,colonyNetwork,39c1a32e0aea0ea2bdbc153509ff9ce1f136a1b6
4,colonyNetwork,05dfb6abf38f86f7d0f40da69f4457e08170eb2f
5,colonyNetwork,edff464028c0e988e70922c8718486a09bd841c4
6,colonyNetwork,b7fc31c1f46a2a40d68b2547debcbfcb5b919910
7,colonyNetwork,cf3f35b7755ea8a1912acfe57554f282aabab804
8,colonyNetwork,d8dbc166c4da5289b4d7dfa5fe801e166f4c45cf
9,colonyNetwork,11850e5610c6f5199dda2804ae7d6eb6f0cea620
10,colonyNetwork,5311e65530a05a8c7482aee7162ccb10dd06535f
11,colonyNetwork,c2265af543082fc4936157883e01cc31450237ea
12,colonyNetwork,5507437dbcbd84f3c8b1b749d4f8c3d92cacc238
13,colonyNetwork,194890be35d49541065bda3b368f915b79bdfb31
14,colonyNetwork,0ee9993773c62694959ae168cfa92ac2b89b5def
15,colonyNetwork,193a69dad68dcacbfd51e4aacf35d6ccd7a11ed4
16,colonyNetwork,a16882d20a3588c2fc8a4b3272a5141d810d2bf0
17,colonyNetwork,6fd3d0097b11be9fb019f126c5ea0b865f8e0bdc
18,colonyNetwork,a119465d835c7804b835c2c1ce367cf54b23ff91
19,colonyNetwork,a6ed2a6317bd19f73fc37116a95ad99e6dca13bb
20,colonyNetwork,51b8c5b1a9fd01a464f8e65abf97b7f123c97606
21,colonyNetwork,95e5f1216d58c973afc950f4040b56a39536fefd
22,colonyNetwork,70324b3cd693099fefb67c365921963f9ddf52b1
23,colonyNetwork,6783f6c5481f63ef4243f025188162e869a428bc
24,colonyNetwork,640bbce955efaf7770c3fd484c3a84e0cfde272a
25,colonyNetwork,d76838d6f3526d15ba4c47fcc52f436e6a05d567
26,colonyNetwork,c6dea1e911b0aa12b0edb24ab0c9047b983682e3
27,colonyNetwork,19e2c4ad139e1659a072dd6d54005b6771ba6e39
28,colonyNetwork,dcc9b4a09f0db4e550313d8df5a3cb57fc4f5131
29,colonyNetwork,be8896ad2efe21bd320dff1eb6733ba705a950ca
30,colonyNetwork,1760875793259b50dea1a2799322352769f91ed5
31,colonyNetwork,078281d536afc23df9d5b19f70aff8297032e7c3
32,colonyNetwork,df3d1e9f5abf9cb1cc288e4428a4536d325df386
33,colonyNetwork,8bb381cf2d44ebd353226298f223954aadf7d78f
34,colonyNetwork,029c00932b9d64a83a926dcae2e15d0f743065f6
35,colonyNetwork,0ee0b771bd93b8d9fa6abfd1f0525dc2c37ef34f
36,colonyNetwork,5a861a7c6bd31c9591a3f7d5a294bc5cc1a07f64
37,colonyNetwork,6f58c25436a2e8a798876309f27ee481dd0c6bb5
38,colonyNetwork,02cc4aebc19fa93891ef80c458c42e12dac7f370
39,colonyNetwork,d6bf79661a6c59a780dacce12ca17a9fc2a5d202
40,colonyNetwork,ee51ed63b6b8bbf53fa2807affd988f71813b364
41,colonyNetwork,ac3a42032389c0b66e5054b37633921fe89475cf
42,colonyNetwork,1d4e70be4ff56970e3c5d47508451d9e5588f32a
43,colonyNetwork,6d867820061e94367c0351c4ec6fef1e5e99403e
44,colonyNetwork,23d4ced4c24f6eda554036f34a6538b1f1b1a854
45,colonyNetwork,1f8eeea0f8d5d8d23a7f44251deebb9695f8bce9
46,colonyNetwork,75df1a79c73848e63493889a466206f4338b90b9
47,colonyNetwork,92560ab1235ff954c39c1d7ccfe4e3d8dcfe5d90
48,colonyNetwork,2510442d161b6849c84a00dcffb2255d2389117b
49,colonyNetwork,383d5acc78165fe3ea14fe4830e421b3c33ff95e
50,colonyNetwork,30828ae1eea0acbc7ea6b6e28e993bbfe8a569d0
51,colonyNetwork,e3bac7d0fab22c3974f964a862ed41f6c1f9bdda
52,colonyNetwork,a196e4deb1efc2223a400800356ae6335bdca9b9
53,colonyNetwork,f8d7721a29bdd6519a3449be2fdd0efb9aab5f48
54,colonyNetwork,ca177ffe5d786108b4c0cd254415c0322df55d7f
55,colonyNetwork,597e101c173a78a4f32cd735cd65d74c67f8ae5f
56,colonyNetwork,c4a25e10d06ea984e5550c9a0e67bda990cca7ab
57,colonyNetwork,382b431c220b52536fb4eb2e92c2dba41dc8fecf
58,colonyNetwork,3dbf973fede926d2a3045e2f18a8edd978e4b371
59,colonyNetwork,f4eb646933d9c4cacfe20f2471d6fbaf43249ecb
60,colonyNetwork,46cc2d2138e2a7b0f67d19013e402c0ed9a0f64c
61,colonyNetwork,b247107388b7ced3d0e69fa602120e40c6cebf8c
62,colonyNetwork,4592f929d1d965955014c396f4b87b44629f51d5
63,colonyNetwork,fd98149a088bfab6f8f85e9897d06c68a7d3d505
64,colonyNetwork,80ff36df736069eff0fe9d245b72a4d785ad47b3
65,colonyNetwork,797f92b6ac6b14ad34c85b55218f72a4f25ba57e
66,colonyNetwork,967daf8eae5d1bcdb8e7bc06beb8f57cdfc4acd1
67,colonyNetwork,8be273ad052dd9c322fa5b71fcad8bddbdab1a3b
68,colonyNetwork,4e07930a63330e1ab736a0a5e571cc815a2e0c3e
69,colonyNetwork,789b8ae9dfa45bf58101f10e3db793b0710aed83
70,colonyNetwork,45964c1e3c980a1ad7cd91d828b8b16f7fb07ad5
71,colonyNetwork,5de5bb8d5f045b5f088fbe982b74b081f8b1defa
72,colonyNetwork,7d768cca2a4dda54f6727c16c8633e75df84d836
73,colonyNetwork,040210922b69245978a1912f351bdc7a7202e4db
74,colonyNetwork,3e57cde2c149d7095da4ee5d929e1a2f57f1ebbb
75,colonyNetwork,a88093430da236a5e66cceced70a7d3ce28fd1a6
76,colonyNetwork,91255bddfee7aefa6e05bc3cac7b85cfa24b2ffd
77,colonyNetwork,87194184e6a006ae1d16f54bfa9646b6aa37d41a
78,colonyNetwork,b69ffcc0fdea7e93f0c50d9b428acb02b5f69fdd
79,colonyNetwork,8130fe7a680cf2c7956401c3bf3499c470ad084e
80,colonyNetwork,24ab101a3f3cdd2ee062de08bbd886b598c2cfa1
81,colonyNetwork,f1723a5631316f45b5c4c36a325c5ef5d518a0b1
82,colonyNetwork,e43204a2bc918355025e9bdf0d10be5d883d2366
83,colonyNetwork,0381212b65020b6d88b542d39e5c2467caa21594
84,colonyNetwork,d8635c4a343e36a1976498adb576f356befe0126
85,colonyNetwork,2265826885e430c497ea16e6b0cc4b286d9d0a50
86,colonyNetwork,0ae4aea75e00be04b4bc366ffb2c74184890cc08
87,colonyNetwork,cc63d5592eed2bdb76643754a32889178523ff5b
88,colonyNetwork,edcbe150eb0ef7954e26d9e9e0641128a287a940
89,colonyNetwork,ce6798ebe13907269532d9ba23be684ce11a02d0
90,colonyNetwork,b174470f05e6c214965805d71b6924626e6412c3
91,colonyNetwork,d6ce8d6671214a7a5123b93bf602d088283b2929
92,colonyNetwork,6a426d5766b2d4d6be7fd08f5c8662c60af2f45d
93,colonyNetwork,f7f0b103b972f3f7f8528ab224813ef003a27d79
94,colonyNetwork,b2ab367efe72f034a3f5a651b42323642e0ab0cc
95,colonyNetwork,ca9e0e47fde15d6f118aa6346517a677d8f9ac2a
96,colonyNetwork,f2018c16446d9b4a2e97a44f1ef97308cf69162a
97,colonyNetwork,9fab344e2f2da23682b7d4092ae6deb514ea240a
98,colonyNetwork,22975a9222824914506d66d6f89cd2bf61aed952
99,colonyNetwork,b5c24d68ec9794384051dec82be7eef9bd19bf3a
100,colonyNetwork,f45a05a023020e799f13caeb4afa3e9304530ee8
101,colonyNetwork,3bcf27f86e998cf1b298f172e7bb3b292c819dc7
102,colonyNetwork,a2b666609a72e7a794f90cecc4a8f799204db426
103,colonyNetwork,5e30a1215817b747bbc086878dfe1892a5a18c36
104,colonyNetwork,e60d2c03716041cb55ceb5106948448733db1256
105,colonyNetwork,df15b53c5c866ccdc11cfcf9ea2887b1d1f25c62
106,colonyNetwork,dcf475da7f3e6a7e5fc90c1b6fd8c24b189ba441
107,colonyNetwork,5c0aa0e41d63b8c9a6099d1e0699ad6450f3c05d
108,colonyNetwork,c7e96f9d95e0dc6b0e4e25ada770afa3e7327318
109,colonyNetwork,a58e3988eed38f501ecc728ef7741ea15b2a6c7e
110,colonyNetwork,ba892c3f35b7219a35f726f6f58e4fccf71b4d7d
111,colonyNetwork,b390d1cdb3040804a8aa2b51a8f5e4cdc499717c
112,colonyNetwork,3450839e97a0970ca8ed1295f53f53aed03bdf1e
113,colonyNetwork,417a57d888bfb2f4fa88f036d501ca484ce1c5f3
114,colonyNetwork,5f78db8527d7dbf0aa4cf5ce511a0c2d036a3a4e
115,colonyNetwork,f2d445dccc06e8ff7622086d2f911aa131595fad
116,colonyNetwork,be069723cd634a49295c69f0ea89fb07e892842a
117,colonyNetwork,fd8dfa90011edebf1d19ae200b6f3ad5d240ff41
118,colonyNetwork,b5ba4f7306ebdf80f12b1dacbabe3f5523ff3aac
119,colonyNetwork,78f571553f92d21bc99187dface4c4f549d9248f
120,colonyNetwork,d2fa339b79ac52bb60efa1edbf4ed4a161cacff5
121,colonyNetwork,ed0c1cb5e60baa19c3fe3905db323326957e4288
122,colonyNetwork,b1850911c2e6d4d1c1da80dfda0135c70c088b26
123,colonyNetwork,c3428e3c9c62f126d970dae032a89804aebc23d5
124,colonyNetwork,5817238cec388bab41087a45d846722b38840609
125,colonyNetwork,ed40e31e4b680c355d54cb1336d69f7f91c32ae6
126,colonyNetwork,2ef1b9833c8d96ee305ed7c44fd781fa53bb5a58
127,colonyNetwork,a1ce3735a3e2a3f4a6d030960cd9bbbcc2f68589
128,colonyNetwork,2a19d63d2c22e3691e69f854a8c356d3dc003b16
129,colonyNetwork,67379a6beab96f8d8eafe04d2bd49614e8293e12
130,colonyNetwork,bc3c0b3ab4522f89728750c74c585670c9744f2b
131,colonyNetwork,453241d6d6131b9fa77325ad364fb36fe6f6f455
132,colonyNetwork,d0ceec07f95ceb63deb76e2e6fc0e0d7d5d5f14f
133,colonyNetwork,ce929b3e868ff84bf4a3d8f4eeed2052b79df0ec
134,colonyNetwork,02f1499f74c6cae31e982cdc8518a44ff3df6e70
135,colonyNetwork,7a73fb7d8dd44d2b331c33b5068bef95d53fe70d
136,colonyNetwork,156bdd26ef2f98aa8bc91a5ff47e2d10759a10a7
137,colonyNetwork,fa05b0369b7879ddfd34b485ee9b01e5921ce895
138,colonyNetwork,7dc7f80f4fa0e588feabe3a08ad95ccb5729c8ae
139,colonyNetwork,63c24cc37e2d245c536d3939d767f9be7e375c13
140,colonyNetwork,228c65db7ce9fe031e5e0cfb049ae4b312992c1d
141,colonyNetwork,2eb2b7b2d046ea150fd6044e50b151772cbfce85
142,colonyNetwork,b3a6238b8e83adf232508bf51107cb26dbd934d2
143,colonyNetwork,36b40014608d799a1cca9b072117fb8929550883
144,colonyNetwork,21df97f2cd6bf22dae080a763e73114581c0776c
145,colonyNetwork,c7281cd27c6046499c595eb43a41c67bc9ec01b4
146,colonyNetwork,81b430fc0ecdcac73ec3c169b507acc852487ac9
147,colonyNetwork,bef6e968caeba87a1362c9b3612f4170a7eca554
148,colonyNetwork,852d246cc41074d0f6f879e22fbeb880dfc7cc0a
149,colonyNetwork,5753b048ff3f284b2d98cd6c705b211de27127ef
150,colonyNetwork,bed85bab7532ea948b377485576583c026f059c2
151,colonyNetwork,9deadcc677137af4c5139d1f5f49840d14ddfb3f
152,colonyNetwork,f84d7684ee900333c3b760aac86b973563007a38
153,colonyNetwork,44893dabe8191f93a16ca7315410c7992dc944bf
154,colonyNetwork,088d0cb813ca1dc23fbd036526e491d11bb1106f
155,colonyNetwork,30d6c6a3abfb7557bb95416cab1171e24fffed7d
156,colonyNetwork,6ab5ad0c6b6a6b1c60223d8cede8da8e55551b06
157,colonyNetwork,981ef9997aefe451cc29dd8442465e8e0ecc24fe
158,colonyNetwork,a758432e1b253ae27c18dfa64f6dc12307726d54
159,colonyNetwork,24e762798f0d6d5e856249565a6a55190c2f82ed
160,colonyNetwork,572000f9891f1d10392b910a09cee72dccce3803
161,colonyNetwork,7e037fec919debaba3bff8867526cd16ccae6f31
162,colonyNetwork,e11455d7b678d48721239a130c27743f07a828aa
163,colonyNetwork,0f4d24b28faf8f41faaab00d7bb1d37784703060
164,colonyNetwork,b16112cbeaf8770a16141f575fbcabce37263938
165,colonyNetwork,82ead9547cf4d561ca4f59849b7058d63dc3dc35
166,colonyNetwork,ba1e86f61b36072fbef5f5c575ec8c99dfb7ac9a
167,colonyNetwork,a94dc4e959c8324c31828ef683ce99fdd2932b1f
168,colonyNetwork,9304a6b532c64356f7b353528d1b8ae404dc8b34
169,colonyNetwork,125495f4f7961067888a343d28cf9d2797b4f418
170,colonyNetwork,0a806fd47ee87ba52a6558239500b343b1a97c2f
171,colonyNetwork,468a3ca217cf8589270414bd855f44d50cd06b9d
172,colonyNetwork,6afe889b0945a06cc2c20a2dee39022d5e1e0c69
173,colonyNetwork,bbc1ed5bb3c39d52b6b463b08a7ee8207ee166f9
174,colonyNetwork,db8965e9dee79dfe965c80088b1df7c16afc0974
175,colonyNetwork,078ca8292470f7dcc5d8be4e7b01edcf93d16a04
176,colonyNetwork,dddd19b11bf9d6f2c3a579f3a1add645238288b1
177,colonyNetwork,cb4beda41592982d5c50ee4608a89c138bf49b01
178,colonyNetwork,e87a6794eec2e67cdb11e28d31c7208179d4e8c6
179,colonyNetwork,ed03f3792adc75b5728b79a7efa74d2508a6aaa4
180,colonyNetwork,ebf51b1a971ab7df4e341df8aca1e8339bf36c10
181,colonyNetwork,7a092aec28a9231102c28a70af3576430bb2dd50
182,colonyNetwork,2e69166eafd14a6209bbb0c35cf32037fb721b0b
183,colonyNetwork,79f6250ca0909fcc9e45b12d8ba95dc309cfd972
