,repo,commit
0,conditional-tokens-contracts,a137b8dff4d08a9a8891375a8cd9d7fa53a76e99
1,conditional-tokens-contracts,da30c1557d0340e890951232415c3b8a69d8d4e6
2,conditional-tokens-contracts,4216ef941614092237db4934e46af686e09fa6a0
3,conditional-tokens-contracts,3581bd9eee8c4130e60c1b33f66e3f59537ddefc
4,conditional-tokens-contracts,497ab3178399fb265702599c4130bfd80dd61209
5,conditional-tokens-contracts,abc6e4336b24beaf4895a47cb9cdfb0ae8a533de
6,conditional-tokens-contracts,c1aee8058dce85ba9bc16d632a94967029ad91cb
7,conditional-tokens-contracts,aa9474c334bbe5fbade3a607bb748eae0516b5be
8,conditional-tokens-contracts,aa9170f156858760356573d4a6da0a2116d7628c
9,conditional-tokens-contracts,77d744f41613fe9b864172f575a96008bb26d160
10,conditional-tokens-contracts,81b40df2fe17dbcf1e4c65d7e2f946fed23cb351
11,conditional-tokens-contracts,a3e9908004a39a1a44ef43f61f9e037d73df062b
12,conditional-tokens-contracts,19f642e91fed14b55c06df15057ea9664eeac88a
13,conditional-tokens-contracts,15415c2e23c609f54f32bf9fe3cbb6b63c15ff45
14,conditional-tokens-contracts,74bd779682f0d2567bac7e045a21fb6d79a3b5f2
15,conditional-tokens-contracts,dbcb07835a86209e12ce9d1748c0a6a514f5936b
