,repo,commit
0,contracts-solidity,b9b9dc4e6b6552a5d4b4395f1fe9ea11f1092d97
1,contracts-solidity,d5b375a0e75ad4485d02fdce84fc7ded52bc1408
2,contracts-solidity,28909b23882948eb1a7b6f5b794bfb38d5d0c5e6
3,contracts-solidity,e53df47b3bd9c7a627ad1c187a93e52eb9ad9329
4,contracts-solidity,3273c94274a4b0f516ab819c740db58cd0c2f4db
5,contracts-solidity,68b348baeeeaf0e0e31bf2bf5188acf8fcf8bf1e
6,contracts-solidity,9876da845f2b98c41d43af2f60d173c4cac9c350
7,contracts-solidity,6e63a4ae98a9297d6271863aa2b6259670fc9e0f
8,contracts-solidity,34df17f630fd1d832033f8c44060922fc6d65c93
9,contracts-solidity,2238a38dad6600825a5d4e5cf733f6c60d63a430
10,contracts-solidity,0569e2c77800f7275ad618c194c78a95e9666040
11,contracts-solidity,827871a2495a9e3fcc7f1be7ac523680837dac9f
12,contracts-solidity,91416f42331938f0b8b29ccafdfc40c756ba62cf
13,contracts-solidity,f46bff19f0d6762fe1645467c8277f60d184e8ca
14,contracts-solidity,e7b637542067b74c3394de1cca6a6f13ce44616a
15,contracts-solidity,2a7d2e57a36d695e2d3ea365545c56bd39b5ab4e
16,contracts-solidity,855bc5f2a4a81a27b2bb7ec1b4f1884c1d0f93ee
17,contracts-solidity,f3574d06b68dd32895bf50534d3cde9351b2efa3
18,contracts-solidity,8bcb46b249ff019e58c6f23e49e2a6af94e67776
19,contracts-solidity,3f1857a69c0059cd8e9a8660655ce0e59d605a8e
20,contracts-solidity,6fb82f493499e821dce109e4c6ea490ef566f4ab
21,contracts-solidity,941436819fccc4f8b4b2927da567634afdd4dbe3
22,contracts-solidity,745130890993bcfb40df5e5556a8a90e4665fbb8
23,contracts-solidity,8d2c0d6e6c89ba565f06481659ff87a159766609
24,contracts-solidity,881a6a05994988ed4d78cb37156f9692e4414ad7
25,contracts-solidity,6849297ca0308cd838edd978c03c4901cb6fbc65
26,contracts-solidity,08cd4c88913d9b17759dd09783bb807e637fec22
27,contracts-solidity,036b2f346cbd3205c9a29cbf41c4d4ff59b20198
28,contracts-solidity,4d58b89f2049bb22fe4f3df3939b59c563f5e208
29,contracts-solidity,59fd18afaf55e97f538dbd3f775a011bf9eece7e
30,contracts-solidity,5d6575a545619ef70e4b69c98375668eaeaf509e
31,contracts-solidity,494a13d822de26ac10dd48dd54ac833a66a833ed
32,contracts-solidity,a6f9cf1c0b06face361d2ee5a24f9cb171366625
33,contracts-solidity,4a5dbd7958a284151ee997d64f7b8794975d8c21
34,contracts-solidity,e0123107f13655fa19973e6a65b4f033db0b6c4d
35,contracts-solidity,6da7e26bf936cec21bc41e633d29b043d3b457da
36,contracts-solidity,adcfd539e4a5d77c72c49e3d45e4e09c5d57cfdc
37,contracts-solidity,9fb3871f3d7fab1beaf78cc0b11cf2d18d52014a
38,contracts-solidity,841194cc0874e1132b31bad3a280ea224551f1c7
39,contracts-solidity,97e35a2a58a0a7226a10d6f761d31d9e1949180b
40,contracts-solidity,9e398e92ad8fe9f62c214d59c2725228458d3466
41,contracts-solidity,aaa25ec408a956d011cdf0cd0d12da634ca2c761
42,contracts-solidity,34822fd2a5e40f56b3d57707f1eff47d0c24bd25
43,contracts-solidity,ddf0cef0242744950d29a831b994c609148befb3
44,contracts-solidity,4a5a39072290d7acce9a502b2f633d5b9f6c69f2
45,contracts-solidity,4dbd640b2002030e001919751ad61ee0bcd26009
46,contracts-solidity,6046e534245e21f89816b7e400ce043a3bc6f27a
47,contracts-solidity,4081e9d861b0ec2af05c29041399ba0c98b45a81
48,contracts-solidity,e4538708c8dba1dcc822851502de40d6e430c748
49,contracts-solidity,2dc3464da3e8e97c875aca6b8fc77736430f11a4
50,contracts-solidity,fe7fa5360cf89e61fdf61f08f509670bbfcf3923
51,contracts-solidity,840ab5aab846ea53715c89767fb3f418897da25f
52,contracts-solidity,78603a98d60c75d19f545257185e160a67e84cf5
53,contracts-solidity,df3f11e5d46c9118fd138014ff7a11aad851f68e
54,contracts-solidity,3541d95654f24375758158d9e7148770ab8b28f2
55,contracts-solidity,e09875f9d1617ccfb596f3c69f7f950b296d4764
56,contracts-solidity,fc93db8398481fa9cdd98efc057603e3e7c083bd
57,contracts-solidity,f556bc32214a4cab6fbca68f5b0d96d90172ada5
58,contracts-solidity,7249e690e409337d80703096b924402c1d49b0e5
59,contracts-solidity,2917ed944c46df900bd50692ddbcefde99d88f8e
60,contracts-solidity,3edc671ce1443f7a5553a3362e28997988059024
61,contracts-solidity,c0b992b64d4f31031a136f2686d1c3337b08955d
62,contracts-solidity,08925a04cc9e7da664d44385d9a29e3f6eef2560
63,contracts-solidity,40a71bc534a26cf649721914559f283fac3c1cf8
64,contracts-solidity,db519dda9e606c4a26e47d1f8541775b4001bbac
65,contracts-solidity,fba37e70fc736760acc968f0e8e7165f087f5452
66,contracts-solidity,0cecaebc7c061f4eec64521119de09b7de2332bd
67,contracts-solidity,1468b8fec906df0042b5508d76636444b7424bd9
68,contracts-solidity,7f554c2a9ab8aa6aba31c1b0c3ae8734450eb83c
69,contracts-solidity,a96477a2de7069fbe888c4f7c82b0783084e0d7d
70,contracts-solidity,4fefeb708ca542f260241b968125e33113b45997
71,contracts-solidity,bb01a4e6116d240df7a65cb4e10f8629b360d5fe
72,contracts-solidity,92d75033a74728498a768bc786caadb6fb8d5b00
73,contracts-solidity,f10169e0f7bd92a3023725e65e14e93424301304
74,contracts-solidity,4c8adacb99299088320952c41256b2f3a0ffdbf1
75,contracts-solidity,6b89478a1033a234528e358b37146f7cbe47305e
76,contracts-solidity,357d64a134409642db1218808ebf6be467f7af87
77,contracts-solidity,07f95d40fc5bfc7c7b7716769736d3f79acc6a34
78,contracts-solidity,686a7b9a3a3a65c6510204a43f0707b92c4fb0e9
79,contracts-solidity,972b12b26c6163949666d04867d1b6c1f50bcadc
80,contracts-solidity,ff74df5bf0f0451fe164daa7705a2a5c5fe2ba28
81,contracts-solidity,b139413855cf9271b8e545e0f26f353aadc38f7c
82,contracts-solidity,68fa57bc60e77590dea0053dce948d8aa59b4aef
83,contracts-solidity,9f199e45d498a2c84450ed50a2c57155fe0cc10e
84,contracts-solidity,f53d30c7cb350b9c7b8b094933dd0d0cffcf7394
85,contracts-solidity,089d163c04ae1754b088363cec8b4428966894de
86,contracts-solidity,4289c3458a3162b91eba5163465af1440efc964f
87,contracts-solidity,fd51821ae784bbe372bc7b90ff02cf9e5b92b8b1
88,contracts-solidity,e26960f5e77d9e2efbf56a0bb8f6f17268d69ec6
89,contracts-solidity,fa10c8785aebac83cd4b3a9ade9f77757a214ad3
90,contracts-solidity,d4a1e7eda66d7955d3d6609f4631cda2f9a7f138
91,contracts-solidity,0f085c6b10b77f95c64f47e77c823edfb442ec3c
92,contracts-solidity,d5f872fee2b925fe2fc8e8357e47243205db3085
93,contracts-solidity,36d122a8a1ba179136dbf022699a2ced9e365aa3
94,contracts-solidity,5a892cbc825993ef0a60031568a79157878faa69
95,contracts-solidity,e23fee7da867daa8ad217cc5a6ee757eb986845e
96,contracts-solidity,25aa9c6590ea90f93191f52089f8d9438e9fefb8
97,contracts-solidity,20c9eb861df1ae59e99ea036184d987414c76140
98,contracts-solidity,5e9bc395433e8c7c82ac7979901f73dc8665e7ef
99,contracts-solidity,deb8d1257fb72f1dd82ecccbcfddf403e7e89302
100,contracts-solidity,80d3b9510d9b8b0920e9252ffbc5895fd65f95ad
101,contracts-solidity,4e71751dc3ef6b7abe4ea7e844e0d96bf823c592
102,contracts-solidity,9b68618974f2b8a8a9da3e5b7d24f83c772ab2f0
103,contracts-solidity,cd01f6919ef354ba117c433bc0713970d29f6452
104,contracts-solidity,08fb19418020c5b3f344612470e75360721e60f4
105,contracts-solidity,840f10f8f3283a9ec1fca2b8ebcaf86c35b3757c
106,contracts-solidity,16edc19e8d7d51b660ffcd818443f1779ebbbe48
107,contracts-solidity,5e9324f49834dabfb69ac3d6943e0bdc409f6fd4
108,contracts-solidity,94fa0dbe73f169bf93e754bff3272c61d8391097
109,contracts-solidity,6c6bca41207a1e1e597a33dfe3ff7cc3cd906b47
110,contracts-solidity,78ed4f69e193e05d5151048b0ee262e47c6b9e71
111,contracts-solidity,2959098cf1c3ffe61094a7944cfef00b29d688bf
112,contracts-solidity,defeb5b2b46219cbe624397a64b6b63a3adfab86
113,contracts-solidity,5a14df26d5d9be1cff4c940b8cff74d89279f62a
114,contracts-solidity,b0668418853dd88f1b6ac7f07feff738bb2afc63
115,contracts-solidity,614384dbebdc9246a50472be73d1e1d623cb4ed4
116,contracts-solidity,d01a60d0393bc966c5d8baae7ad38cc7d4397d0c
117,contracts-solidity,47d8663d720d49aed55710039875070d514baca4
118,contracts-solidity,d96758b021828042db7a395d2115864c7897aa12
119,contracts-solidity,8e1998614f92d5263057e3ca300a7717a68a7385
120,contracts-solidity,087a57343715436e7b57429b7d934e4880a11216
121,contracts-solidity,1e4118f36376b0aec3831e7603c2039e75d37786
122,contracts-solidity,ad92c9ff9b46ecae0bee05ff6807c55d42b02694
123,contracts-solidity,4394c0e1d1785a71044101b1d6df57e332b73ba9
124,contracts-solidity,b2ed6c0791946ede33ff79874c19f76c06b796a1
125,contracts-solidity,d8811be4e2b82be3931ff52da0d4da1ab67b9785
126,contracts-solidity,33d4431a220fc78428e3213fae94bb2347635588
127,contracts-solidity,22d237f89ffc05b2793bee5b8c059a40635633bf
128,contracts-solidity,705d079052848c5fa2e6affce52942852efac3e1
129,contracts-solidity,a67d565f1fd7cefffbbd646d5485d5ee132fa88a
130,contracts-solidity,d5c301ad560904e6f8eab9b599060aa9ffe1604f
131,contracts-solidity,38eeec76a0022fbb841cae71b971725b1d41db51
132,contracts-solidity,c811c8506edc30a829f5ecbbc8b268b04458eb56
133,contracts-solidity,1afb5c69c4020741d1e7215ba7ff03a661ff6ab1
134,contracts-solidity,136d4a7f80d25681073d28e9b57d5f9a9719bd6a
135,contracts-solidity,18d2d9a15431f1d0b7372e7fe084bb4ef554bd3d
136,contracts-solidity,f48148781ddb6dfc754477daac0618ccc945d542
137,contracts-solidity,dc0befc69afcc04b76752b660d4742fad212fee8
138,contracts-solidity,62306579811a5a9736b21968b55a02c5e2248853
139,contracts-solidity,dcfe149d96882fdd75cebe512f78442afe0a01c8
140,contracts-solidity,dc5e8fc8d55f3475ebc656c64056ec3e14562269
141,contracts-solidity,69b51e57fd52750a55a78a0cb6d34bd826126ddf
142,contracts-solidity,cf1ff31ee83859e8272ccdb025de729b303cdb66
143,contracts-solidity,24e2c07046b9f74692eeaecef2b6435f2a1210a7
144,contracts-solidity,ef922e0e89387840c83b19d79f1e01f1eec2e5ed
145,contracts-solidity,08500a1c7c9dae27c6ac535376d584c8b66ab27a
146,contracts-solidity,1ca1ce01b314d7210a3f8c491261bbd46e609a49
147,contracts-solidity,57c9ea2c4dc587c9787e3b8118da328aa8d1b58d
148,contracts-solidity,83540b58902e6d6682edced99077a997e9c59777
149,contracts-solidity,cb908dd7290e72822db926ce39f0ffbf3f072917
150,contracts-solidity,bce3beb3167ddebaec386357db3bd5a14c504ee6
151,contracts-solidity,092dcbf73b768b7a1dac0fa8482ceca4709c7f3c
152,contracts-solidity,2e818d208b690a979e7ea423f669d1bda0987486
153,contracts-solidity,b071dd73e985371bb1841e4e0cd729679e8aeea3
154,contracts-solidity,19b32f210e9ebac46f865dd194c4adca405f1db0
155,contracts-solidity,36d577686c2fb525e048cfafeee1250f90f7ce2e
156,contracts-solidity,90710ce366366087b4630c642c1e2ad6c797213e
157,contracts-solidity,9bd7b7fd8f4e1349aae93f4e4b536066740a7ff4
158,contracts-solidity,ebd4badcbb6fee7c1619c7d7fadee7d5e39759fd
159,contracts-solidity,3ee79030a5300b6fd4a2c088aecdc676fd14945d
160,contracts-solidity,5daf40fa03b6a9c1af25360c482210b6dcb801ba
161,contracts-solidity,bd4060bf060cc55aaa11af86ec03a14026ee5b3d
162,contracts-solidity,0d4d106051be507d731e1504b686d60e932ecd98
163,contracts-solidity,318dfbc7a35a6fa21d0940fc949322df2594f1d6
164,contracts-solidity,4fe283a68ea10275f22cea185752aacbe6deea5f
165,contracts-solidity,114ea6460d48997cbe018bb60a539acc452ed00a
166,contracts-solidity,8b91c5814735f79a6e53e1aba8b928dae650c200
167,contracts-solidity,1774b94672cfb1cd2b851707d66c92d990df0293
168,contracts-solidity,9105d3bce5f3e0c820fb485e314eae19fdc2578e
169,contracts-solidity,57162dab5434edea04be3ccac092b9937f7bc34e
170,contracts-solidity,dfc0d99ec506b4a34d97a92cbaefd932020c9e73
171,contracts-solidity,46c8c651584f68da6afcbab7f1d0c24326fa536f
172,contracts-solidity,b9dae78d454e9f5a2e63114afd6e627e2c2baffc
173,contracts-solidity,cf76b696ce4ed6f0768fed59055872d125682baa
174,contracts-solidity,c581ec22ac43a2da4c3b054e0681ac94fbc56980
175,contracts-solidity,38536475567464037b0cff946bf01e340a591803
176,contracts-solidity,cfa1d9bdd50ed175d5dcd38bd99e4ef56681b404
177,contracts-solidity,d25329b05c9fff515c46714e5a009fe5339ebe7a
178,contracts-solidity,5ddff0ee18504ee7c3d6818a1c47d8d590ab8f86
179,contracts-solidity,f285ffec16f4f41ba93624766b16d7008587549e
180,contracts-solidity,df51396dd898692a93b177b28a3aa8a472bc69c1
181,contracts-solidity,a8e2c3c2da42064f33435a367e86b3d52fc2588a
182,contracts-solidity,b12c8f7cdc36e0b290b2f6c44ec22b7cfb4702be
183,contracts-solidity,24aecd7f35387bbe4505f8df2f44ce3613b2fa34
184,contracts-solidity,8346fb45da14d3dd976b7ac693ad4c46c94963f2
185,contracts-solidity,0052a3d1e17a635a4406fa9cc4a2036b291e8e7c
186,contracts-solidity,ee975d5f2e1361ac75382debecc9b2a561f2cbb0
187,contracts-solidity,519c8b36ed7be36d10ec35d74881faa6e0ee918b
188,contracts-solidity,428b1592ca880e138eaa2bc15e2879b2fbde2230
189,contracts-solidity,35fd824afb9f219df59875f2ff453567f1d5bb5c
190,contracts-solidity,7a37e4f123211c7815a73f4037af15058cdf91d6
191,contracts-solidity,229bb0212f4d741ed4574291b7b54b6e1934cf8f
192,contracts-solidity,097692e65b83c5dc58c4ab32ee9c8e922b355b58
193,contracts-solidity,d5e8ffd7b2ca257df471a8a9ee6a1c337b97ea05
194,contracts-solidity,1c5c5d450c06d3ac3dbb053b56d80f0fc9740998
195,contracts-solidity,e3f1f6e864bda47cf5c6f8ed9721f05c945236d6
196,contracts-solidity,3f863652963d8527d21779b71e55d80acd47ab25
197,contracts-solidity,d803d5054d91f42476d925aac779725d2472e38f
198,contracts-solidity,30935033584588d3a1d95d58872121b40896f477
199,contracts-solidity,21b455786332c14128e593147f8a77bbffaa7d1a
200,contracts-solidity,a6e01e9fb8e4d4e51a52fc4d9a55b9a9c2cc5229
201,contracts-solidity,f6dfe99380bf8039b532497f987188c4bcca8063
202,contracts-solidity,5c1a75f277908719b02b819357a971f44fdd6aad
203,contracts-solidity,5b177145c4dbcd9fe387a24ee2d6863119a72116
204,contracts-solidity,f4e5c3cfe8339579417bcf2e4dafaab7e48a202a
205,contracts-solidity,50aecc36d3799bfcdc6e1c91e0c9ab0505b4a1a1
206,contracts-solidity,0f8f257ad9477946b9b47b02cb38223b2028e98d
207,contracts-solidity,7bd4806132282c64433a4cc52b39c6ef91c9fdf3
208,contracts-solidity,d5845e9e2131b5cfb855667c69e91b60f382b9b1
209,contracts-solidity,cb6a7c745474c3f1591446f9ad15cce7b9410070
210,contracts-solidity,c88f1761ca0e87f5c63852889c6229249730d99a
211,contracts-solidity,d45dc5480331093f27a43156e9b70d36b424e59a
212,contracts-solidity,15b5a4b96b3ff84215803601e3f919b7d46b2dbd
213,contracts-solidity,1cba2a6e2538e5c14a961d113085cdc0a3536f3a
214,contracts-solidity,99a8e8341da5715ed4e77a024483f3d68db5a192
215,contracts-solidity,df9368d8999179e2c75bdeb4df2242e44f842f56
216,contracts-solidity,0c5e8dcad2650d4eec6b51d5c143d20d868e187b
217,contracts-solidity,63921d258e3162b55e6f77e3a13ea1ee32804f28
218,contracts-solidity,fc5d51fa03bea67f47ddac2532fee90f92e90dd3
219,contracts-solidity,747d9289474d6a0dfa372d2451840d71fcaa10c1
220,contracts-solidity,9915062ba2a6de0a8549a2a7a1ce228118a37087
221,contracts-solidity,e9cbd6cc71e54f171948b5f0daa0d41de3c48e75
222,contracts-solidity,01830b06119fd52e670d17e0af4a1a495d979c00
223,contracts-solidity,777e4ab32cf3acbf2716579cc6dcf81ef52b84c5
224,contracts-solidity,37857254e46e1cfe159085d8c115cf8d9f5bbc66
225,contracts-solidity,f023b1d457ae14f9039c7a8e49873836c80144fe
226,contracts-solidity,5c6b9e34a30fe8204b052e1f54dd6ebb85a28314
227,contracts-solidity,b1ec41e14b77e3c6b2ba5a5cb4a70106b1e398e1
228,contracts-solidity,77b9a860de50acb3dbcb09683bd448199cd33608
229,contracts-solidity,7ff573d0eedbfc0e693459ae0fb208567b6f0e4b
230,contracts-solidity,cf450c73ed27bb902388f06a9099d66e97530a46
231,contracts-solidity,8e6942b6f291bc56a8a9ca8f5d9f8e2e34d94ac8
232,contracts-solidity,b0f400be744684644fbaa49d29d08f928ef6ef1f
233,contracts-solidity,c346281c414af5cb2d912057d1df348501f840f2
234,contracts-solidity,b9372294be45cd64026e4b2cefe32ec8f4bf8963
235,contracts-solidity,b841e249d5da2b857d39bd0290d8f92a023e16ef
236,contracts-solidity,06340ae6166fcaed098f24ea6badb0219b5a4e4f
237,contracts-solidity,7c0686a5adfad41928e596a975fc0d7865ef0895
238,contracts-solidity,80ad2306385fcc6efb3674f56f9fa4f95e2bd0e2
239,contracts-solidity,e7ad997f12e53d84fc7bcccca2e256e0fecfd293
240,contracts-solidity,994a1b3ab7af38213c30aca34a42d5fa4508340b
241,contracts-solidity,d88392c3d63c90557c60aeeffada121de7343436
242,contracts-solidity,928ce4c145b385f4f199ccdbc4c12bad24c5e96b
243,contracts-solidity,31228c9813d9d311934de8df2523c052e04de658
244,contracts-solidity,57d65ef2d4454749011303e2944bf0f09629fb3c
245,contracts-solidity,a4660704784748be8735ddf1c5de2a9089b2c71b
246,contracts-solidity,89d0653b84e152da20661fce66530c2c263929b3
247,contracts-solidity,c2269afc468d493c0100d07e1293501f6d0f1ad1
248,contracts-solidity,362a078a90a53a1783bbdcae19d6028cf24a4491
249,contracts-solidity,d8fa1be3cd181cba70dbc0fa9d0c7d86cbbb6d9a
250,contracts-solidity,b5b544ea18ff907a6ce2c8ebb88327931ce4516b
251,contracts-solidity,3d00f930ffb764ef61b8dce2e2f2430354580884
252,contracts-solidity,08d8d3a034400bba9e4a879b83e11de049c0980e
253,contracts-solidity,85cc5ef2b08722683254f76a2f25375392a2ba63
254,contracts-solidity,0283335044edd4bc05bbbbd61142c3819d66787e
255,contracts-solidity,145080f818fb9bd66ca482153d451412febd4682
256,contracts-solidity,0d4a0b7e1dfc4fcefaf392a393bf0fd131c52830
257,contracts-solidity,242c78e610126b72bf44a1be99edf84587aaf512
258,contracts-solidity,11ed2be497c7ef802caaf13c30ca132191172e67
259,contracts-solidity,9702e9d5bff4a6cc8ecdd1eea0228147a6ebf43c
260,contracts-solidity,7b2deac85e591ef26d67288b6b61cb4f42b3fb27
261,contracts-solidity,c7362ce7af623d4ffa4eb2aa4a7c39233737bd42
262,contracts-solidity,9cbbc6b280d9e0d25172f90c3d5a39332e9654e8
263,contracts-solidity,ce4f9de1fe9b940b4bd667e5f2f5761600574d47
264,contracts-solidity,d183f4d9863f76ed65dafa407f4482b14e770275
265,contracts-solidity,3cb96216afcbcabe807f8e7fd62e4169201e8b52
266,contracts-solidity,f8877ade7b52f15804730da6028b406026f7e734
267,contracts-solidity,6a17f0ebc3604f44533cc7ba7a4b62225857a983
268,contracts-solidity,0099e09c49199d254602b23242665a5f7831e8d4
269,contracts-solidity,313bb72cf0ccd849bb90751f744a7aebc1e7717a
270,contracts-solidity,32dccc8f0b6d4361f8f6f9d41e7d5449fb94c1dd
271,contracts-solidity,6cbd6102209d0cb4a8c64d042ba4a87cdca31369
272,contracts-solidity,7344d1e3efe5db1c4084fa606a365279ed25a2f0
273,contracts-solidity,83212e94ed7f89185673a976fe4f33c19a03ac17
274,contracts-solidity,c0b808e23c464037e08fe8f84f46108529681b33
275,contracts-solidity,101c7a80479fdc037c0b2d65d1cc475a32c72e6e
276,contracts-solidity,a065a42bd744ac89d5364177e40d6f4a2d8765a7
277,contracts-solidity,80a6a4f71a5bbc0c0d38d02f2997e7198391ae57
278,contracts-solidity,f7bf6e29127791e865dae5e5c32935efcf3c07ee
279,contracts-solidity,22e805ae70efbb00039b26da461943026c70ab49
280,contracts-solidity,f64a28f39040a45cf55895b968e0a704743ec5aa
281,contracts-solidity,5303b2187bc94caf195c0637e44c02bedc0e2d81
282,contracts-solidity,7f27cca81bfb2e7142180b89240016d5eca1e55b
283,contracts-solidity,6a15ae6e7007db8339a64bd7720c2255f65f870c
284,contracts-solidity,68575bb1aefacb024cbf4082a6217c08355bb8ad
285,contracts-solidity,e93bb1a91af1532e3b9eb56a397f18728b301f03
286,contracts-solidity,fc6970faa561b91649807541063cca4137a462c5
287,contracts-solidity,31572cc1b0bb19676bea7f57521ae39328164e47
288,contracts-solidity,0195e232e3c9353f496cc059d2c403235375225c
289,contracts-solidity,7aaede7a2b3a7e6dda8d94f3a928b46eefd8bf37
290,contracts-solidity,97610daf250f7d226e04cf6105c449cab77dcccf
291,contracts-solidity,c96cfb530b00e2fc4b12b1a16d45aac4449ebc80
292,contracts-solidity,c0851f212eca1635d15029a4a5e2c066e8e3cbf1
293,contracts-solidity,c73543444c1f23cd83029afa2fa2ef7d6f995984
294,contracts-solidity,6a4dc27d3e34d366c3d9471e2abfe02d9587eae7
295,contracts-solidity,3a369afd93ea12cc9d06305e563f28de1311359d
296,contracts-solidity,0795337fa2705e116a094071c75b86a1acaaf38e
297,contracts-solidity,5ba82f6f774926f77f2017f111c288650f28773c
298,contracts-solidity,e252e1e9b9a7433e3e1656c78a2f1dbd9455b27c
299,contracts-solidity,3106b8b45d468b639539fc9b6c0bea025300b468
300,contracts-solidity,325b968503dc69b943d5908e0269f284161dd4d7
301,contracts-solidity,635ccc8935e8258e546258655086f147d986ef21
302,contracts-solidity,412229fe4f28a645931a1e70cff4dcaf8da294e7
303,contracts-solidity,1d9d6e1d024f458e1cdd81537216f54776feae84
304,contracts-solidity,7b8796e4b6c992eea3790529af5c0aee48c4721b
305,contracts-solidity,324b95bbdb1f6c9e9333c3602ca334e308a355ca
306,contracts-solidity,b073fe2227ebdbbd4f9e01da8d6192110ac89d55
307,contracts-solidity,1d0bbf03c2f5e2f1da11d9fe0284eb37ade41de8
308,contracts-solidity,a9ea7bce6bb522bcbd64f88e87046636108727a3
309,contracts-solidity,f71d8430358f98ea71ad8ff899f459dd8af165a0
310,contracts-solidity,63f50afa136fa8811f905eb51be58d71f80b8473
311,contracts-solidity,3352e2ca6b4e35983e99c5e1ab8ece5a12493274
312,contracts-solidity,1d7dbb69d5fbecbebed8b91ebc427f747a2986fd
313,contracts-solidity,79914f41eded1a5f3918e248dafe331cf0c312aa
314,contracts-solidity,95a1ed9312da4dc8091b9aaf3f5300b8030fd564
315,contracts-solidity,3ffe6c9edb11b506817587ca5ab8b9913abd87d0
316,contracts-solidity,4d8caa3b8a4eabb88e9db87838cf2eeb1b25f6ed
317,contracts-solidity,cf877a2b8bd2576b804304bc3f4a182b69e71a80
318,contracts-solidity,d0ec7bac978a447b730a0affe3dd0d63e8e8fc95
319,contracts-solidity,e6ecb225ce30f55fa20bc8cbe15f4d9b8eba8474
320,contracts-solidity,a7df768fd14f6f488393983a671739a211de459b
321,contracts-solidity,107534c36fc08ddee2fed13852957b13ed2a8cb7
322,contracts-solidity,5a04547126acbc33b3438165fc4c09b788b4840a
323,contracts-solidity,a0fe3855e71af69b8cc465c4b8984c541bc60b1a
324,contracts-solidity,2d3203dbf60dc1f78c7f80f4e2fa36f2a20537dc
325,contracts-solidity,a4e01716efc8abb7543eb88a1c01c58b4468bb09
326,contracts-solidity,57a4cf504ff7a6cfd22dd08ce7c49a39a11ea9f4
327,contracts-solidity,5c9a946477e09466cedec2d550c19561d70124b4
