,repo,commit
0,contractsV2,fc2d5fd9fe8afc0153138414ef5f925381b133da
1,contractsV2,4c97bff4e03e03bab91187996dfcdc7c64f8f137
2,contractsV2,4eb1fbc42b3596b861077449f26ece88e70ada77
3,contractsV2,5526f4a00b519470d43dc0689af3e64df57986cb
4,contractsV2,90eab09cac9c3fddd95f0a75ef7899409df852f5
5,contractsV2,c4cb3a9c004249590f6582597ba19c3df047f71a
6,contractsV2,275434b7ab20acdb177d280a28ac95f43267fbfd
7,contractsV2,a38c8aa3d4c44662f93c460cea334f8cd64fe0ba
8,contractsV2,1f7f5a88bd4c98ae3a23619a1790a512d7cd8f51
9,contractsV2,d87cfd48da581a0b7f6a24b16731dcb329a00b3e
10,contractsV2,800ac10e8a0b41f5c12ad2d8ee75bf2da9f6b076
11,contractsV2,7d8aa2f6ac560876bbd509be3691b5c9110eb7ae
12,contractsV2,55ac1aee367acf3554fa249338b25be00187bd00
13,contractsV2,4c70f91e9d586723a908f6edb1d402fca50adc87
14,contractsV2,2aa5afbc4085e742e7f919e18a2f5255f17e547b
15,contractsV2,13495d72b985b42cb1018b1a6f5b6cbf9f724d2d
16,contractsV2,3a992483f62437c340e4b212507e6457df73306e
17,contractsV2,4723a9d0ba9d39f39250911bfd9d7de847bdfc9b
18,contractsV2,00ab56a34150c7fd807506e1d03e628aca418468
19,contractsV2,90e2e280821299c050d5f166e9a71f362c3a394f
20,contractsV2,11130f5e31aff2b6bf8458fb323f0cfba281986d
21,contractsV2,1dbaed96ebe9fd9fd18f466eb9236c16e44860be
22,contractsV2,c806419cf2c47cda3d6852f96dfd7b32ccea223d
23,contractsV2,b35f2bd2ea435cf1af50573259ff7a135da01b4c
24,contractsV2,f48e11e4a7d793d870442c838b64004b8a7f6096
25,contractsV2,033ec0c7aaf8cd4ac260ec6a1f0b9c4fba175d1e
26,contractsV2,e701e87b1cd0e8e8134be7db8a44e83b4ea0f8fd
27,contractsV2,74daa38dd656a7634272a43368a8a3e04f6eaafe
28,contractsV2,45e1787f67635edccdc9a5d95c47c283bb393a23
29,contractsV2,a721d8447d68c750db607418a176b3b777b5b789
30,contractsV2,576ab82c3de402b1cd2f7aeaf3eb926433be249c
31,contractsV2,5b6d05751a71507b459be6cf8c28e6cbce142796
32,contractsV2,d5fb8e97da417ae225cc481ff2494481b0bde73d
33,contractsV2,b635f0ef4988948004f1ee6d0f7bb0d895db2ffd
34,contractsV2,1d7248d1901e466c7aecd58b4b8d82e9c37c37f4
35,contractsV2,851bac8dd2ae5ef107952014fdbf8cec131389c2
36,contractsV2,5ed13fe60bde419e8274a693c8ddc5400bd86e1a
37,contractsV2,f9fdb26c2b3ad25a7eb70d600a24c22c0e3a5d94
38,contractsV2,d3c33f382877fcb69cce482e7149744dfc850dc4
39,contractsV2,c2b10ed8216ec7488ab252ebbbc5f09eada9344d
40,contractsV2,b8de3282218476475124451d8eaa25c14567615d
41,contractsV2,0dc758151869409d6beaa0f14903fe930415afec
42,contractsV2,47e07b03cf1c6dc43303c76df09404631b908126
43,contractsV2,bb80789591d070ca6c2a8df995ebec2c23d47b60
44,contractsV2,2afdeb8c6b9951456d835fbd90a6bc38c699de89
45,contractsV2,36f1cd3ff4f3c091c590003beabbc8ebc04111c3
46,contractsV2,e0633e3588ccd304cf318c2101bd9264f3ab534e
47,contractsV2,11b342196aebe8f08b1b218c0052b3a42358860b
48,contractsV2,984120e9d2a23b6bb4158df12050e6ef01899b54
49,contractsV2,47e19299f76b64c6fc33844124028ea16a08d476
50,contractsV2,21df9224013edc83e8110adcdad34e3452c906ae
51,contractsV2,4ab6c1523ea9527549a7d4add0e3b6919dcb4237
52,contractsV2,a240169bba64eb1cddf85dcafaf1c6b29ffea3a1
53,contractsV2,5fb683dd52dc4b2f82f17b01d7b7d52e2b146e4a
54,contractsV2,1bf3aeeb31a04e53accdd8b6cbfc7ae9ee60d503
55,contractsV2,862d44ae5782263f6d99e32bfc270d58e7c2dd56
56,contractsV2,bf95cbe373d4e972da5e93daf8ddb0f3886e78a1
57,contractsV2,6b4e7c77ccb3d5448d68b0968eb44b24d47c7912
58,contractsV2,768ecaba9289af8feea947ac870ec5bbd191be70
59,contractsV2,480e01aad3a8d4c682dff6e2bc2cf6e14a3cd09e
60,contractsV2,4d4ab03183feafe33c7ee78ee2dbcf7ae87fecdb
61,contractsV2,5173643dfe80abd3da8571e510c46baa154d068d
62,contractsV2,3bcf8d579ff3be7ea23c5146f17894088d181b35
63,contractsV2,8f422221659333caa0594a1eb314831b5de101ab
64,contractsV2,b55fd47f97ac259672b4ad89fa941d9805dd9ae4
65,contractsV2,138f2b336ee2d9fc92aa4f0d4116fae59dfa05a5
66,contractsV2,814bd8fc9eb92328361346b547d0d2534cbe53ca
67,contractsV2,730f1f64f053a22ba9f3c57252f5c3c351894165
68,contractsV2,16526c24264e058492dfbc8ae7f2838238680327
69,contractsV2,f53640f2dfca7ad457ef4f556adb6a6e95c3dfef
70,contractsV2,fe38be9ae710b4f3562f84acc1c78189e873db75
71,contractsV2,6ab74bae5fefd7ebe0c815eae0beb66ca1b2ad18
72,contractsV2,8f83fa746b0e5d055987de6938360073cb7bae1b
73,contractsV2,24a7ff09efbc1b4808a495168f451caf2df28e49
74,contractsV2,788641cf90914a2054023019d0bace1c41f676aa
75,contractsV2,6991c0a8db9ea5dd9723be023d1ccdcd2bdd78cf
76,contractsV2,17e5738c82fe62bb87b3b2225f14e0e64cf26312
77,contractsV2,1ad47eb704324e82e67ae815a83b9dd097470bf6
78,contractsV2,5669f14ae48ff4ae7cc174385a4637a636f5d845
79,contractsV2,a958b6c174de3ab60347d8b4adfad371ede2a873
80,contractsV2,7acf4884b42c4af4d9091cc81fab20e23d6e7331
81,contractsV2,2cc224cafe649c6b47de1d997fbf359db43784a7
82,contractsV2,0ef0f9fdd073c2becdf094c566d529203f3240cc
83,contractsV2,24510aa14f1aaa218050ce222679b64198d15fcf
84,contractsV2,1413c7f3f34aebc4f1dc532cfd18b114394d07dd
85,contractsV2,f10e1829bcfd07ef27e3fca0214e1fb8efe3739c
86,contractsV2,e0c7ec08123abc4d66ad8a22d9b675323d4e1949
87,contractsV2,3725e1af1e7a4c34c91d8f534fb036f9297e5c20
88,contractsV2,163b0bb53be9af747b9519a71400f9ad481aeb7c
89,contractsV2,a383a6ebc4d47bdbdf4132ee12d49e2c7f6bef35
90,contractsV2,6c0dae58708ab885648e672f6037a01f790e1645
91,contractsV2,852925236de304ce0f360961c8649679256fccf8
92,contractsV2,d8105711c328cc86c43b573ef36644ac44bfb584
93,contractsV2,474059fc0671ece2ecd25d86642fd53a4ded29ca
94,contractsV2,0a5de01a5b4800db6e0057c6fcf22ab5fe014a1e
95,contractsV2,04234962a5ab6f02fdff08f4eab6719fc0161321
96,contractsV2,31979aab1cf9c8e9ad017cddb871edbcc8d491d2
97,contractsV2,b227aff75878297cf0573fe9cd323a768fa0912f
98,contractsV2,77353b398f5eb70d0437e545a7c0bd47703051ea
