,repo,commit
0,defisaver-contracts,7de7a84fe74d9cdebf782002a6a2fa0769e42905
1,defisaver-contracts,10fcce5a2727c31879b1303c36f08484a1d2d049
2,defisaver-contracts,6a8d8701bf5fec930af8a7bedd5c5500f0e16b7e
3,defisaver-contracts,a2acc9f709c5b566a6affb4699664f14968b6521
4,defisaver-contracts,0c41dd28b48825848cf19b5ecd34896c5fab9c08
5,defisaver-contracts,48033a101f87e229e49469f21509432b1060378a
6,defisaver-contracts,9200842d50a2160874d4f50e78d4cac461499005
7,defisaver-contracts,d1e4c924e8d9ea67ae171d9c1491f781b6901bc9
8,defisaver-contracts,33bdd9a7733ffe5a9ec489d01a7d3d8e24ed3080
9,defisaver-contracts,b24e409c15feed6d929d61a1f66e42812363f87e
10,defisaver-contracts,b4e46739e346d43cc40c38e0da8bf6de97bf93c6
11,defisaver-contracts,3358d57b834a3e695119a30465879eda749d6a7a
12,defisaver-contracts,08136272e5c9b474b1f8bb44379dd533c853e585
13,defisaver-contracts,149c34697517c96d80cc74fef758bbf48667127b
14,defisaver-contracts,9c4fc46b7bafbf25a2051bb986c0dcc40ada2791
15,defisaver-contracts,83f5c7df2905cdbd63845aaa6d076ddaf4fe1aa4
16,defisaver-contracts,e80f458de88901167fdbc36312bf39f2a093e15a
17,defisaver-contracts,d240392d55e4dd596d7a11150c133031da98e7aa
18,defisaver-contracts,a0dc963209bd073970f7d881798b9414433f122a
19,defisaver-contracts,46109ba8a2223860c721f6dd4f41026f68f786de
20,defisaver-contracts,29362cb3c9dd95167676a87d2c895b16091e45d5
21,defisaver-contracts,cc6a12407277d176e89e7e9f365109dd4d336478
22,defisaver-contracts,2fee2c7d1937e4f629ee599973c87f9de0a8dc98
23,defisaver-contracts,58fb211135f7ed0e8280ad419fa7c67f0e22bfb3
24,defisaver-contracts,fcf5f46cec3773ffebe85a718fe7dd28c49fbe99
25,defisaver-contracts,f0dedfdaa2104e84897603f8f878116834274bb8
26,defisaver-contracts,9913c727ef5d554537da4b28643aa8a9fdcaa382
27,defisaver-contracts,e9f117bfe3bd93b72f32887dc836eca3938da7aa
28,defisaver-contracts,b46350fc7a022041090267d3b3ecf9ab550ae79e
29,defisaver-contracts,4af8c14858326bd6b56c9733812ca43206638d88
30,defisaver-contracts,40f3defd31d3c33f9243fb22e6a1866e66312d58
31,defisaver-contracts,b895264f84d4f243bce0f05978b35db415ad749c
32,defisaver-contracts,f8bf20b40b47a6e3c86faf0544c25de72c42a4bf
33,defisaver-contracts,9044644ed41f2d20231254a26906f6ff1d7ddc89
34,defisaver-contracts,194869598c9fc5757a5d7b0528dfd159269bdf4b
35,defisaver-contracts,cd15b6f26ec8d4a26b9f780e3855361a7411075e
36,defisaver-contracts,f301d186b186ae75f191c67d2235d56fbb849156
37,defisaver-contracts,0e4c45a814699084aaa85687b19a0248cbde54c9
38,defisaver-contracts,b02000f32f9938a784c5972537fd2ad71b82eaf4
39,defisaver-contracts,31f93f42547ac88f6df7a460ad7c06d0615512ac
40,defisaver-contracts,8c0876b16d7d6ce997b20aa6ecebb9172b6f7c45
41,defisaver-contracts,72a8268c3668cd850793a7cfbfbdd9772e16cb67
42,defisaver-contracts,232a815d69b115e4d26525a462b0ad53e8ac2fd3
43,defisaver-contracts,ee19a36d1bb278b45426c32e71cfb2bfdb9d1fc2
44,defisaver-contracts,b740b3b7934dd16f6d179a20632d68505aed84e1
45,defisaver-contracts,a773eaa9d4eaf7e6b1b99b3f5693bcfdeb839dd0
46,defisaver-contracts,cf3c131a068ab1860566a5868dc0cd598c7d55d0
47,defisaver-contracts,ef71bb830cb78d4a3aa496ae99d250b0bad99b42
48,defisaver-contracts,4603bd47ec30c499e4dc04434019eeaf1bca1494
49,defisaver-contracts,0f4dbdc7dfd17bc634b97ca70359b2286ed2f92d
50,defisaver-contracts,8ab41e304ef7636f8be03808b6bca081f4723d0c
51,defisaver-contracts,98cba9b422ed4aaf647e705e628aedd1d94ebf72
52,defisaver-contracts,0f767bf4d8940a4f91867959238bfdb88ea842d6
53,defisaver-contracts,b41c94e119a591cce2cc4eca7c7482e3832c47b5
54,defisaver-contracts,de1aca78fe2c6b5ee821791a82e78f957b0aeecc
55,defisaver-contracts,7f59839befb35d3623417143bfedfcd591081a35
56,defisaver-contracts,5dc33af6840137a28bb6cbf4ba7a804eff24dddb
57,defisaver-contracts,adf7ed5e42f1e1bb4e4edd9914a3fe46b2a7ce48
58,defisaver-contracts,25c9ac3ee9e52cf122656d0965811156bef620d6
59,defisaver-contracts,f289bfafa5be25aaa6b8a2a1d243593afe71fcb4
60,defisaver-contracts,a104ce5f8e98fa8d07071304c842ecb72fb842e2
61,defisaver-contracts,9ea6692c45db1936fa4f4939177f1a965ee0992d
62,defisaver-contracts,10801fba7f3a77126a48ab3cbf6a60705be986be
63,defisaver-contracts,b7f9cc90a42b8c35a8f576d8cc969c37e18a57b9
64,defisaver-contracts,1923c424094597dcd426b7c408f862837afb0e6f
65,defisaver-contracts,f48ceebb4c710a006b6d3a4a46aca2389cda686b
66,defisaver-contracts,614d587e322e4e8417c5e7d24a8cc4f68e688ca6
67,defisaver-contracts,437bf602bcb1adb592e582c92763cfaf3127c5b0
68,defisaver-contracts,bc7c91f591225ca476184dac2b02aa88f7f3dcd5
69,defisaver-contracts,ad11019c353d171fb36f92c1358e4c541359c027
70,defisaver-contracts,e6dc82ae73e4490d680064f3d8fbc257747dfe99
71,defisaver-contracts,7a1fb6965c31f320e9f3f6a39af0a30ebf8aef2b
72,defisaver-contracts,7e951a863c0ec129c63ce3b5e99d52cd006d5b74
73,defisaver-contracts,5661dd102f3d5d27ef06a71851b0ff6a6d151cc6
74,defisaver-contracts,346db227dc316fdffe54b676920eeb5013dc8ef5
75,defisaver-contracts,bf83eb3105ef691034e48d7cefa8565794af0273
76,defisaver-contracts,84f46c1f4ad8ee88ccbf7a6d5abf67b42fb1d041
77,defisaver-contracts,791cd24884a7f1c645e08be9861e3b56c1f06281
78,defisaver-contracts,5fdf3eb9263878ffa559da3a04a9b7ff720148af
79,defisaver-contracts,b56a4e2ea444c7add7ee3b12b51aa7fe2261f756
80,defisaver-contracts,ffe9c3ebd2d8e6f4094988b7b7fae9db1e595675
81,defisaver-contracts,cee736bcfaccd1c700e1e6035b5e19f450c196a8
82,defisaver-contracts,4d18f336af75bb53d7e1bba68f11da5b2fc388fe
83,defisaver-contracts,51e53c5374a1e57a185fc03ffc81245021fea755
84,defisaver-contracts,b5fd6f79a314478129c145dd17be7b5d29db92b3
85,defisaver-contracts,3c033afa456e72ffd6e3bb3b45e9a4dd97d8c76a
86,defisaver-contracts,96cdc6e1c3625206fae44ae3b67a8ea09f7b8681
87,defisaver-contracts,72132e1bab960b025e4edd92cc265b9960a0eb9b
88,defisaver-contracts,d63887282a80eb1fe88044437b7c874a8cd5bafc
89,defisaver-contracts,ac7b446f05f3d1b5cca5f003174128340448f73f
90,defisaver-contracts,4954f61b7d052ef33e3220e970f047be81a9c18f
91,defisaver-contracts,a04b128a2568375431f920e846266f043cc33dbd
92,defisaver-contracts,cfb972f9cf8ae5fbc6a573bea4fc1bd604800338
93,defisaver-contracts,7a8f7456ba9e9d959b89aece5f3f6299dd1c9823
94,defisaver-contracts,89d163cc697e5c95206353ee532a55b82cee8644
95,defisaver-contracts,a5567286f9a1ff3aa7c435ab8a0c29fd6916fe00
96,defisaver-contracts,6b39ad082fa6d261b43ed14b7320d5bd9e110103
97,defisaver-contracts,711dd855eef37ca3ab2255c8b068404107d98d57
