,repo,commit
0,fei-protocol-core,3b8d2209b0c6ce25d56e9b43065d4ea50b1ab0a7
1,fei-protocol-core,e44fb6f6b412cdad96ee154b40ee38099e7ef131
2,fei-protocol-core,f050c5ebb1a11516a91873d4d3086331733d301b
3,fei-protocol-core,334ad57bc0247d6673452e7f4e6d52a95a5feb9e
4,fei-protocol-core,d3ed707dfd49f28e86a62aacc8872786c571fbf2
5,fei-protocol-core,f1c2855e4b12ba0c70b6d889ae53ad5c55ee8e88
6,fei-protocol-core,736011b5ccc058ba43ccd02b9d7b04efb27cd4b4
7,fei-protocol-core,5bbda8adc1dc48e74b5dffe62e6a392b55a44316
8,fei-protocol-core,81c8d2e9b9de252df02001b2964d1626ed27b585
9,fei-protocol-core,7e3f25455e1892fcb4678c9ab24f48da25772fc5
10,fei-protocol-core,cde454dd56ab5913f3586166e578ef64add5ca0d
11,fei-protocol-core,ec4edbfb21ebee2954ef0e17e05d8a4a2d67e2ad
12,fei-protocol-core,e56a4989e4a8689e2c3d4f4cf836674ac85d6d54
13,fei-protocol-core,0a47510edea294f84f2067765b00cb65c75df861
14,fei-protocol-core,8d8ce515bb58b097bfd34a944a0073d16e6784d4
15,fei-protocol-core,9a44fc7ec194c6d60413b168d110751a270a11a0
16,fei-protocol-core,84fb8a198d5bdd8fa0f715a320e19f40fe0e64b3
17,fei-protocol-core,84e15036ad49bb121ea6dff48ff6244f57175791
18,fei-protocol-core,4ae0a287476543f03ec72c88b2aa50d38cace5b2
19,fei-protocol-core,e90829d3f2c402bd8d69df3fec73ea02986c6f10
20,fei-protocol-core,4374156105fd88c5ad179c5e4620cd6c9dc45b34
21,fei-protocol-core,ad5b253f1514e5b5650ce2b23c1487e5afc50740
22,fei-protocol-core,c9b2eb45d17c00d508ec476bd22e7ad23cfd894f
23,fei-protocol-core,e29861909ef2bed89b2f9cf8f13dc80c9c99d83c
24,fei-protocol-core,2f6c23604c3b39c6c44f0f468b8c5064a2ec6c5f
25,fei-protocol-core,c6963fe8cb276005b150162d647fcdbc240daa56
26,fei-protocol-core,0b8f194c59b7271ea3dbad486cc7a1572180b091
27,fei-protocol-core,0d82a65a7a6236d1db06c4663b311624a55ab5a4
28,fei-protocol-core,8b07165b7b57e9ecdf9910b1f6a5d8f753761d3e
29,fei-protocol-core,a82e036c11a9ce2dcc9c1cd7bfe140d8497ed52e
30,fei-protocol-core,adc879f50790bb65a744a8bb83e1e7153b25746d
31,fei-protocol-core,a3de277c6f3d359ac109efa49b1fc69db83b7cbb
32,fei-protocol-core,7b879cebe1e01d2e9283c2474828ac84fc5c0d33
33,fei-protocol-core,b18a2007a52c1d330b2062fe3115650c70d9af8e
34,fei-protocol-core,5406e2d5831efbe15e6245ef86c691b33cd70c99
35,fei-protocol-core,3ed9cc87a50ca5cf3f5c29d8cb6c5f0606c39618
36,fei-protocol-core,8c4a94ff51625e3831c14f7913b55c9aa90fe7f1
37,fei-protocol-core,f10a43d91fce77fe1d03f7914483120698aabc72
38,fei-protocol-core,642bab72a1b1830492dd95bcd634cbbe23c14170
39,fei-protocol-core,8be632b4817193853c826c0906d4fecef55ecb55
40,fei-protocol-core,ca66036f5e0537dce91cf5c44683909d0818dd55
41,fei-protocol-core,3576276cbc6f439baa65642667458a8798dc1196
42,fei-protocol-core,745ecbf874bb8836af4aaae610ebcbe09d399ac7
43,fei-protocol-core,24147703b05fef944a94771c5655efbe6a92dd44
44,fei-protocol-core,947f7e21cc81ea21b6add457dbcbe77a6ba0b367
45,fei-protocol-core,fdfa017d22536f25f6ac2a2dfb06e15bd721abea
46,fei-protocol-core,bbb1afb317ffcd79d9c72350bfed674f7b7253ab
47,fei-protocol-core,d61cff82f5d5887c490adf4276f75608ecc2c631
48,fei-protocol-core,32b5aeee0b55990ccb7d5951311511cd6b19b4a5
49,fei-protocol-core,ce5eb97240a77bb4bbdf408be644042a2b013002
50,fei-protocol-core,76f7bd288ffa84f5c839278c150ebea1cbeb66dc
51,fei-protocol-core,910c1709de6f85bbb7fd55b02a10af2eec1c3a45
52,fei-protocol-core,e6fee99b580a01539f9723afa2f41966386ada85
53,fei-protocol-core,19786a1c62e761ea3b44d22131f8eb9e3b620c06
54,fei-protocol-core,853849398c8bd0fcd7d3e9bd7d5ffcb8a29b010f
55,fei-protocol-core,2d79f710ab5559ee1574f0b5898a0c63e206853f
56,fei-protocol-core,138f29ee50afd5130f6689147eb1ce0f451a11f1
57,fei-protocol-core,7fc03eb68d0f04eeeab22db3e3d3f3228db0037e
58,fei-protocol-core,5440ce9b1939c9a2c7012da13afa8e36408f3e90
59,fei-protocol-core,872f28b89be88b95fb78d552ee315378f9f275cd
