,repo,commit
0,kleros,b6a5f784196fe8efcb948afcdf6797f44fb489a8
1,kleros,04b24a2c3b7b7b0819b725ada759aebe0c65a186
2,kleros,2901d69cc505c02e2e5a90b06b910195ad7ea290
3,kleros,414cf1d83765ac7545f9e31f3910d33befb38dd2
4,kleros,e5c9308c522a7cc01c72c148f96f4c4c99e8b4b3
5,kleros,ddb95effdb48835764ee22b6fa67102743acd919
6,kleros,8f98774642adc2458fe11cbf8b1de8451492ff1b
7,kleros,65b84b9dfed7781981aabd2c645a1e1d1abf2cb8
8,kleros,c14c35d46940d2f475057693e74d9ce4112fbc77
9,kleros,3ffb4db5ee184a9d18130b3c1254a74201bb55f2
10,kleros,a854deb3bf383624602cf5f5d8d651422b8f756f
11,kleros,7d2958750c1076124cbf4bbb686304875fd0f70a
12,kleros,285c28f2aa7219fe3ee5ccd69184716e3e8f8da3
13,kleros,4531f3d74ca9c49f9c95ad006095d2f79f4f5394
14,kleros,1638799e748b168d29b6509513caf92185c874ba
15,kleros,73334038ba1a7d78b72805d94626fcdc54fbd55a
16,kleros,843a038fc88c6de1b053b99530d1749657f756e9
17,kleros,e130f42110fe8c98256b924db2b8abe674089d96
18,kleros,5b3b368e08ed1c9af6a71095b1996221d6a311f3
19,kleros,481f1c87cbf3660ccaeeb80fb7dd1bc33551fbe0
20,kleros,71aed93a51dd7736ccdc9335adc91dc1e1d0cafd
21,kleros,d15e475ede8609a116efd489e47d79869e9d78f9
22,kleros,340152726b1733dc6aea38bed438d2666c59e62c
23,kleros,ededa613cd62ff2b1466389ac4252aae7b473492
24,kleros,aa33f8276b930e964d35b185495a3f25d0bce479
25,kleros,297cdeb12bd81b29c5d09ea030d8929bdcb9355a
26,kleros,ec7defd6e755755d87c09354a8efcd05e4265e81
27,kleros,5bea2f310d7c00cfeed1784797bf670221b23079
28,kleros,de487eebb98a2c61c2b9ed179b290e489218567c
29,kleros,5dcb47dc25ca54402ace2997a6e0fc4f332924e2
30,kleros,055d7286ac19b6eee53be324396dd48a744cc98c
31,kleros,00535243ef8fa5176316bc7babea725872a4b781
32,kleros,73ebe12ee99ffef2693200e991d3c8ccd0e15cfe
33,kleros,83abd73285b8098ec7c225d1476bd89eb0e08c19
34,kleros,32e5b8fc4ce402b24a0fec41f40d6d0ff24f4fb7
35,kleros,5875dcc1fd3a5ccdb9aab03072704e58a34c17b4
36,kleros,c639bf9c05b9a64eee0478e98a4eb7e8998fc53a
37,kleros,76de87493003fdb6ab809eb4199677cbdc06c9a0
38,kleros,7bd8813ba2cef898f1cb1aeb84debfd2b5388593
39,kleros,ccd909d44d945a2d248036609c4f097aa35d6b3d
40,kleros,15b195f8a9c6bb83126b3624d98d6c455c437608
41,kleros,22a8819cdf61faa8306443aa94f29472896561fe
42,kleros,4b575586599ddb5b2abf27c9d60a0aa19ca4c1d1
43,kleros,508834d250fb9e6332c529ec9c865ebc6b1eb7d2
44,kleros,fa7771d25943eb3581afc10a9d85ce218ddc183b
45,kleros,ab4de524b68f9cba21819dbb83562b7217dcb2f4
46,kleros,dfaa56b2ec17f6158fd866444c64ff5242e6af65
47,kleros,03b6c1ed62f034c859cd08224af53cc90be7e909
48,kleros,b9927f4343e43c21e33488cbdad136f4a047ef5c
49,kleros,2fce147bc9fce95c3b1c4fee94e5bae04496313b
50,kleros,ce05d107b6c5645a2f195d23307140081c706083
51,kleros,418207f834229ab92138ba378d4a12027ff5d074
52,kleros,c78e4984d6fe3bb11aa377cd8969bac775f66fed
53,kleros,b8d5c1b10f809057ac3945536b879f3b33eaf6be
54,kleros,3d609bd44d107ae06fc67fff7971c71d2f003bfe
55,kleros,cd6993b3c13194eb8b87641e5433fab4adf441a9
56,kleros,97af3d6cb4cb0420c55c94b879e769878ba1bda2
57,kleros,5cd7fcde65a951627672fc760140a8fa163b9714
58,kleros,3d0b4d9ac3b987b2c71c9501131749dabfbddb5a
59,kleros,af8d2b8366861572f117db35d10a773db50fcd3b
60,kleros,4df0458e4511704d6bd9ab135b66659ab9bb6e8a
61,kleros,f1b06375ac46f91c9a91f9b8c2e81c63eb3c5c8a
62,kleros,f52332571b10c35eb5809031695f2661e7ea07c8
63,kleros,ff688fa8f3326721f85c4fdb7f5cfe43bec4714a
64,kleros,71929a0cd0a8a7e153901d8ac50e6b89f8bb5aad
65,kleros,607fa329f27f761f23018ec033c83f8ca7f872e6
66,kleros,3e13d733900caf986e126d71154215fae8114880
67,kleros,5adb0b738e298f52cbac1f9e986c9dfb6d8dcf23
68,kleros,a8a41a9c205738d7b1d513ea69b2599bcd2e69bb
69,kleros,b324cad734d250c52cfb0226edb5e94ce6847cee
70,kleros,2ab852c3dc12fbf02e4a796b2c5e73e8abec4fdf
71,kleros,a36465ac5db604f4d0a1be5e634846db4d191608
72,kleros,2145b80e5bba2bec5d35472362f8ebca1257b1c6
73,kleros,4908cbedf278bf4cc226df248b5b7e138e2122d8
74,kleros,73fa719a5ca3d73488da9094262d07a990d6086d
75,kleros,e06eb80e83e040042141d00ae3d7ef8a240921f0
76,kleros,8d50855a6de4536087e8c26e78ad90cbaeb7e47f
77,kleros,69f3cbc2904f078826b116b7f6b5fbdd09b1797b
78,kleros,1108ed74ecdbef085a74d0ec2b90e8c6130e776e
79,kleros,97196fa07f8319a992a1101caa6c282a3c875ddf
80,kleros,71a692d89a78387a0e70398e35c70eecf3d0629c
81,kleros,832e1c99e415d9b0f0cf174d284783a0be3691e9
82,kleros,16a7e52611ae66f64a90bdaa2d67348469a7d509
83,kleros,6b834a0caa2e4a7d8a1d0a793bafb595b79050fd
84,kleros,fa2666f40d43019c37949db6ab763f7569e8d4b2
85,kleros,2b58dde2ec97552a4d56a4c95d77b2448e04d5df
86,kleros,0c2526216cc85501486a55c9db9d7ecf74acd7f9
87,kleros,5086c7cef7579c2be9bfc036956d46f5e65f6ad6
88,kleros,b3096c3f12b23c5fb9f89dc3c1265913bfb0f870
89,kleros,2e35a82ecb47ce6e671fe00c516c43c74d538f04
90,kleros,5c84ed5ee07d6d4dec91027230dbf3f733dd31b6
91,kleros,0ee847941fdc6c310a069210dc3d901a754c13af
92,kleros,a09a443841381e4622a9639d9479f07a57e20afe
93,kleros,d95ce820e607223c715c5661ac704c739a35d642
94,kleros,2e0c167e6fa991ee34203018dd81c9a91915e9fb
95,kleros,f6ddac744f398ea07144c49bebd274e604230996
96,kleros,e849c8dd9cfeb5d5494321b253eed2ed8868e55f
97,kleros,967a45437b1aad469f46ba749d19b991f037f1db
98,kleros,4162c9ed060eb83c13025312fcadcec042b4c1db
99,kleros,3965054559aaf5235a65e9bf21e2e0ae2add2933
100,kleros,039b8960c68848302ad4cc4d183d0250ee347306
101,kleros,f803ac82eb09c23eab8d7531d7fd8ef286b627e8
102,kleros,00dd70126e4220d87d371cb614a914d240063520
103,kleros,5ea7406e5d101c4c9bca59cf2f06c68ee3705694
104,kleros,8d677236d4cca38a09e12e75bce595ce0bd4d47e
105,kleros,b8e502d803728c563018e593ba9c90fd29679b94
106,kleros,0e1087890001d03fc8f34c2ab92052c4fec513ca
107,kleros,be2c805cd1b8065af2e20433bc699e762558e488
108,kleros,4a238f70c22b56863b51b8efdcba7559db35f08e
109,kleros,1b6d3ce57f633c1bccd1983cc840c86d08ab6f33
110,kleros,37f1a9fcd70c26272c726a5dd3a4a5944709f874
111,kleros,83bda8d199b423029094ea0c15870380f8eff602
112,kleros,c027c2e2452f9e332b6d56d6092dfdf7c630d22b
113,kleros,53a6e85e3f3df4e92d3ad38aee236a25dd4f7384
114,kleros,b5e5ca2f46c528a562a674b49e839f62d9df71f8
115,kleros,86bfb6142e09af700534c1d23440679e9d730d67
116,kleros,6df0a70cb0f66f1e467ca773cfa43b3a7f4991d5
