,repo,commit
0,kleros-interaction,8b33dae2e94f96a3f6c2c7419f8d24f69204e332
1,kleros-interaction,8280893a6684bae71ddd2829ce5160c2f4816ea1
2,kleros-interaction,9facc46d3ae0e92476a567f00eaff102acb1addb
3,kleros-interaction,4b7da22b6087800fdd08deb0fcd1fb9071d9070f
4,kleros-interaction,c5e5487d7dbbd66ebbd8f54850f5f4afe7dbc3a7
5,kleros-interaction,a6a8aa52d987dd415aaacd7687820dbfa66505a3
6,kleros-interaction,fc6c1597778ec393a7dee012ec2d285b5c5be20d
7,kleros-interaction,890b34bd6f8d68f7204fcc418ca6ae6f0444813a
8,kleros-interaction,60bb7920386665b1d3ba181cda2f421bd8a65129
9,kleros-interaction,09bb1ce3e02c0393d6f71d7823d3b06a6fb725ac
10,kleros-interaction,f7975fd084063201f4e77e569e78afe73ecf7c57
11,kleros-interaction,0e164018a8c7d05777f552d43bfcf4fa60f104d4
12,kleros-interaction,3f9a48df4ad21dd0e041350df1fded622cf04c8b
13,kleros-interaction,bea37963c716545f2b9f5f77c4b9510604f8b327
14,kleros-interaction,d56c5add24c1358a3bbc333583dddd53090bc0c0
15,kleros-interaction,487eb15056fdf700ac5d7d449e48d91d92b359f0
16,kleros-interaction,df81995f4ca8132e6251b35c3f987d5c03739ee9
17,kleros-interaction,acc42b516128d76c2609133642e197039d423bad
18,kleros-interaction,c15d701c0ad7523f6a8d16dcf54089ace5fb73d5
19,kleros-interaction,18fe6507445eae54115eeba97f31d4b302c0cbb7
20,kleros-interaction,9de6f5f91743e1548a8d8bdea410af326dc6a791
21,kleros-interaction,f13c6e255373b0ebaf9fe473f3f6f272c96ee1e5
22,kleros-interaction,9706416b1dda513ba66ec115cbebadd8d25088ea
23,kleros-interaction,01496955b1290f03b8f97541908d1d89b48b4743
24,kleros-interaction,d78af81cc3ebe802b3c7be2da8452a3f16eedf62
25,kleros-interaction,eb8fdb29670fc057c6d5f1e2ec30417b6ec35bce
26,kleros-interaction,2c2f3c59a954bf6fbb24254df5e6de744c5df19f
27,kleros-interaction,ab58079b94c587e2b448c0e6114712c90d5f1bec
28,kleros-interaction,8a0b4ddc5a2a9a358aa53be915128ef5079e1006
29,kleros-interaction,d37754cfab602ff2bae3f03da764c11403cc0575
30,kleros-interaction,e91ee9403ac5b9d10958f2f9478820671e773ea2
31,kleros-interaction,475d9a0aa356719ef89bf854d0c325cf6fb64ed0
32,kleros-interaction,770cdda76861d38a37f51d1a764edf87d0689d34
33,kleros-interaction,12f56e0c292ff8ffe970b0b9960b28f0e28a0eb3
34,kleros-interaction,d1240def62580006aa045bbb81d38d5f821943b6
35,kleros-interaction,6069ed191cb1066cb52d443cb7d2ff60016b5442
36,kleros-interaction,2da6007c2593c6224d44e6b6f8d29741a63cdbb9
37,kleros-interaction,6933786c3f02ae5ef4d2ef0a163135a88ad851da
38,kleros-interaction,804186b5f6ee99c8efdc13f31a9315b4af355953
39,kleros-interaction,e6b7ae7218295304951294cc3207215d8ed3cf2f
40,kleros-interaction,83d04ba7a6f9db122d7d281d6632b81cc8166f75
41,kleros-interaction,76a2c1092595b7e3357ef5a191e3e6e390e9ff9c
42,kleros-interaction,0b4d63ada7ba8f6cdca432f82a5e820cc4e0422a
43,kleros-interaction,d16710bf0ae7aef653dcc6368319f543da118338
44,kleros-interaction,9816887f68250deca4ff5056ec245c2b12599441
45,kleros-interaction,8427104128a6c2472a959115e3109e10dda9ca47
46,kleros-interaction,128d75fe568662ffdeff380c858d158a8ed365ce
47,kleros-interaction,2a85f5b6b5f04a0e38f2565b9ac9270e0beabdca
48,kleros-interaction,93e0df259eb2ae658925a9afc47011500e33d004
49,kleros-interaction,428de97e2a50b63c9dba2e76e592d784dd2f6145
50,kleros-interaction,637804efc0572b6962435ff8fde41d4071162cb7
51,kleros-interaction,3663997881431c016be109981319a0d69c250985
52,kleros-interaction,cb06b2e4c8152631a05d4f658d1ea075f65a4029
53,kleros-interaction,2f5b8571a4302a7945bb215c15254a1faab16992
54,kleros-interaction,dfe4ac98af97ef01c41ab302aa504e5db98aaa95
55,kleros-interaction,f9bed08b096f1bd1b6146d6fc595e5190677246b
56,kleros-interaction,15f34e1e50b2d3a925faa0e24e8b2e0c208cdb3d
57,kleros-interaction,ff2dfa6af16a25c9e6c93971a892a119042adeb0
58,kleros-interaction,184994fe317e7819900130ddbe2ded28c8aba8b2
59,kleros-interaction,d3b78a642002e8cb1e4d8e44575263dc1d9d07a3
60,kleros-interaction,48bdabe94df0827bf8c46c42def7728d0cef3c4b
61,kleros-interaction,64d2e204a2fda98e5e9d12214cb7be37abf034e6
62,kleros-interaction,87217fdcfabf87a086467d81f91f1e3b95ebccfb
63,kleros-interaction,a0b6fb0a35ccc5d66b41bc55060b7c983f245fa3
64,kleros-interaction,37e22992a98b3496d480bcd6cd8eb4f21f0d2df7
65,kleros-interaction,6bff4a2e4b7afc778e6934e86a82e84b01597033
66,kleros-interaction,d47e4ef89bc3fe4e1fa647288dc4c81526cf1b76
67,kleros-interaction,d22b3d48d8f2052367823047584901fd5e5ac7f0
68,kleros-interaction,a9d2b819d4e356f994311e61363f4dc3ff9f7229
69,kleros-interaction,d50093a67638cf0894cfb7bbc3f436786d880098
70,kleros-interaction,a6d4af73a3be21616e239cf58659ed2e0bf0bfef
71,kleros-interaction,ae876fe2b2b3520944daa1d3aaa616d6e0d8ad3f
72,kleros-interaction,eef1c018090664a415ea4187c86da8c70813dcdd
73,kleros-interaction,2548e70302ab0be812e38e7e403c6f864db981f2
74,kleros-interaction,dbeb2785609f35642c17cd29dbe1edf78afcb23d
75,kleros-interaction,2816467e81bf16eb2731bedbaa4fc4e1f3c9322e
76,kleros-interaction,b74bd99f03579023af616d60bc969488f87f79a5
77,kleros-interaction,71683c0043cbcde1832e29aa5dcfe85f3971c252
78,kleros-interaction,0026bcb7bf806e574b0dcf8fff07a7abfe3b3cb9
79,kleros-interaction,9349623c8992e40fbf6f37a0d8362ab3aef3ce09
80,kleros-interaction,90168b8a5a3e4e511f7d680316869344d0e2a57b
81,kleros-interaction,a2049ac29e8412f834f24e3a6851aade561e2a66
82,kleros-interaction,d1b7b8b5d18c7353b97ff58173ad022134372008
83,kleros-interaction,38da0dd946dcfda8d0a7fc6e7f98737ba3c846f2
84,kleros-interaction,b4c7fa85a7faa0b07eeaaf30a72ede58b6df8709
85,kleros-interaction,c74ebfbd5f4696be8276359f08935b966ba6156e
86,kleros-interaction,0664e6a007a24b3191db2a0c9f9bca5b3143c56b
87,kleros-interaction,01454a21eecaa35675bedf15192691f1093e0a98
88,kleros-interaction,5f72f51783d37a4b49b718e8e195016fe572b172
89,kleros-interaction,9985ea9a2d504f54c00607498ca0b7b998295a72
90,kleros-interaction,66223e7837b843e69f75f56f1164c9c6375ecb71
91,kleros-interaction,14bce321c6755914c16b3b6a1a44eccd4c684f40
92,kleros-interaction,f30894c54c8ec3a6fe492d49a47da75b8d3f1dce
93,kleros-interaction,84bcd84931cb32a6694d3bdb01e66cbb22fcf931
94,kleros-interaction,61cf84c39cb61c5f3a062a0450aa893612a17af5
95,kleros-interaction,361dc28a9f7fde5917e2d788ef861f6d217b63dd
96,kleros-interaction,b1bd96c428c4514776b252091af2ea2b7d755c27
97,kleros-interaction,8b05ab5bb75df66a96d7c9746abed94f7d7e2355
98,kleros-interaction,4130f7694c0c832df6e6a47e9ebfe9dc31eb06c1
99,kleros-interaction,144ffabd38d38d1230a64ef6f948f0c914e626bd
100,kleros-interaction,277d6a1186b7430887c06fdf85cc79da15169a4d
101,kleros-interaction,ce5fdb262d368591d54b5065751c1e259d4a920e
102,kleros-interaction,47973ee5f1eff5e651cd2d381aac666f4bbcda11
103,kleros-interaction,873e9eacfd2ebac64e562f82d1b924b73559edde
104,kleros-interaction,c4ad866df264f71a2ca1d30e5c8370f30e36350c
105,kleros-interaction,f255e6fe33b0f3dde8ce2ea364bc6f655227bc0d
106,kleros-interaction,b58a1ca5019c3a8d78587f0885879aa39432987e
107,kleros-interaction,afd4ae7d145e9ef6306c3a876a7c5cb249c5da01
108,kleros-interaction,78bcdb29108bb2fc1bd3f61335566330bc4975e8
109,kleros-interaction,674152337aefa4810d124234eeba75957195e5fa
110,kleros-interaction,231e3fc0ddeafb3cb54f13c16a97cb04e9b3952b
111,kleros-interaction,01454c066817eff43c7123bb56ef16639605b33b
112,kleros-interaction,d19d1c8f05086e6098e60f01f13689773e272ef7
113,kleros-interaction,1c14e81a64879f0d33c3d2cd0730f489a099e411
114,kleros-interaction,a270a77ec114144c69510e2c3ac346aff6294462
115,kleros-interaction,c00dd701c70387e4f99d28f391461327ca6c5820
116,kleros-interaction,60cb9b8582890e473bab907a1fc633a151de7121
117,kleros-interaction,f00b6ffe91ae637656b9259962c85a1492cc544a
118,kleros-interaction,2b61a590d5025a81ae3a3d35dfde80b65dc70b1a
119,kleros-interaction,1300c1fae475458214d0c0e9e574723d3115e45b
120,kleros-interaction,9ca431371f3fda027f934fa4a83e3cd34c56f26f
121,kleros-interaction,309e1f46f430b8f3123d6a7c2b0f885e9f29566b
122,kleros-interaction,c5ca7f3b94787ea4f38746eb5df7027d0aac41bc
123,kleros-interaction,c358249e902482ed2fa34db5a1e1d93238186ee0
124,kleros-interaction,f0846f8b422e61a6a7d060d68d854df887cd108e
125,kleros-interaction,1898181ea78fc1447b1fa06243cb786f9d2ba20f
126,kleros-interaction,73a08a872befcf993fd9dbf90de0e70492c5b7a2
127,kleros-interaction,84439607579ebce2e29c3d657d832d0f81fb0daa
128,kleros-interaction,ae40acb8dff8975c77d6fd01402242e7ea229fd3
129,kleros-interaction,de2c345c06c64cf169c6f37a0dc9a48a150495d8
130,kleros-interaction,5a9ae348ab73ee052baa5c47032ff9ae7910e853
131,kleros-interaction,ad8b15148d1cc171375483294c193010b03f3827
132,kleros-interaction,d5484b11d13cbb212598ea931cfed22670a679ce
133,kleros-interaction,4961f4df379e2ee1444abf6449b3e8a2c6701521
134,kleros-interaction,6f37679b350d71012605ab62d34b12245d91a7e0
135,kleros-interaction,d2234c833d1018e4971d6e4509e198ceebe7cff2
136,kleros-interaction,2f32acb71ba9dc8c3f9e944f5a3bf42d42149ada
137,kleros-interaction,3caa9cb98e52973861c2279104d5c345d15759bc
138,kleros-interaction,c2460d2e91f2485827a46b9446628d09386bf04f
139,kleros-interaction,4ed6a91a99c71e08ad1b425f077c2f6df7025310
140,kleros-interaction,c3d2a2c58a71b4cd14593579ee2b24dc013781e0
141,kleros-interaction,7465e1b617e70c65e42938e5c46eca870d5e277a
142,kleros-interaction,c82fd17311e1fe0ff8926189c24b516751fc3aa5
143,kleros-interaction,c4fc769efc5940fbf7a3f200572b59e5117eab2f
144,kleros-interaction,f7220257c03933ab9928508d3690be5be57a3a91
145,kleros-interaction,b18235e38f5a567090a82713cfe26743cd12f0b7
146,kleros-interaction,bfd813fd96e467a9bde2c76ef38883cd164e6cc4
147,kleros-interaction,a75e4e76a22ba15f544bfcfeab7333f03926ec2a
148,kleros-interaction,096b35397d86491f0575f6fa492b14d91925f840
149,kleros-interaction,a55c610bab503c8c5b6e1dd14248ae0ed8883f44
150,kleros-interaction,6ba8e315f96078dd6f74ca5d827054b242cb2337
151,kleros-interaction,1c3bc3e27058d59814a294a2f63bbb95bc5e819e
152,kleros-interaction,9333cc89d32ae1846bde40ccdd7f3f768c4a7391
153,kleros-interaction,787102e0b1feb3cd622f592f0b4a671ac0b82ef5
154,kleros-interaction,3fb348a9e234c60063c235e2b451ce66ffa90855
155,kleros-interaction,0417f83c59a8102cd7dfa140cf4bece92ea9966a
156,kleros-interaction,21ec443036799ad3aec9326d95bfe236d575fa3b
157,kleros-interaction,34a9ae24b7c1b7b048a7244cf6dcb275dd8f4c64
158,kleros-interaction,06f5064902be98533b307ecec4bd00f6cb17c484
159,kleros-interaction,619f12d97802774ebd848c4220bda89b8816ea21
160,kleros-interaction,75cedd0365f6c100fd188d9666dca7c6b7b3aa2e
161,kleros-interaction,fd9537af889803d514fb7184d4db4de548df7b87
162,kleros-interaction,8627162f9cd4186119db047f5813eeb363b0ee4e
163,kleros-interaction,010519289396fd60315feb1084c6f0c0e59f0690
164,kleros-interaction,cc3faa048b6b45b0124a6bb80ed81ca9e5b10a57
165,kleros-interaction,c1e1d297d7675864ace36683a372e121c82f1833
166,kleros-interaction,c5f48b790e3f51b04830b4d334a5d9677f4f677d
167,kleros-interaction,692540b15b6b4292ce0a54c92352841b03e78f11
168,kleros-interaction,3b65df3b4763ff79316b529ab3c091ad77d0eeba
169,kleros-interaction,a5ec8b602a4f56774a08b1ad930fb1026ea0d5d4
170,kleros-interaction,ec5adf1e0a0924e980db214b1f8972897285680c
171,kleros-interaction,00cf1505f613a33475d2ae66e9f5fbafd763cfbf
172,kleros-interaction,f83f1611a767a0ef2a695284ba8a7e9c58358bb6
173,kleros-interaction,a2bf3264bf51e3d1ebcc6408b8ab05bcc5fc4cf7
174,kleros-interaction,be502badd385d21ea6cb7f6822fd2aaa3218a088
175,kleros-interaction,aa864af49bfe903dd44be2f36ecbb3ea73e3a8be
176,kleros-interaction,c337a7d01ad4fba1ba7b58e687a13656c1e84698
177,kleros-interaction,285add2730318cb7e3f7e3faa542209f98851045
178,kleros-interaction,6f92ed7e0c9b06e8ad2752839902257ae749c3ba
179,kleros-interaction,4158802e1f0951df6483edf32a9115f777e1e14b
180,kleros-interaction,c44da30320b91548f9f2b1618d1e15a22a7ca1e9
181,kleros-interaction,4b96a2407dae122dd25a3457369fb96536afec3a
182,kleros-interaction,649b10e528a85bff26d4d6fb369367225f39c5ae
183,kleros-interaction,d873b81c71e33db7dbd716ddde8082a0b647b3c7
184,kleros-interaction,57df45f7959d41f756fb16c7b422d89f38ca06e1
185,kleros-interaction,99ceb9f7d59d6e5acb61c2188c37d0dfc649aed8
186,kleros-interaction,6e8a5980d46a7bcd80e96bb3f76546dc3351fd2d
187,kleros-interaction,3a7cffa73caeaca5e750ecfe1470384db14897c2
188,kleros-interaction,cb8e468cf9a026593bb71c3da5bd47374f0872a4
189,kleros-interaction,835ea96cbaada35dbc46a9aab83300ee859fcc90
190,kleros-interaction,386cd8dd6d6aba63516397fbdde5a3230752ab57
191,kleros-interaction,9e52de1851eb1404eba724c654165bbc3f7980c4
192,kleros-interaction,a0ba69ceb2430537e8a4ef90e98b215f44074ddd
193,kleros-interaction,0f41d1beb562f391321ca4b670acd20e7a47aae0
194,kleros-interaction,bf471d1052aa4ed0532f371c2624f4ded04a04ef
195,kleros-interaction,e5a1ce10a3639cca5c1d786fc233491600d8ea95
196,kleros-interaction,acbd3f4f0bff4c5a4d327ac407935269489d71ea
197,kleros-interaction,2ace35ec098817856626196d52a15e1e7170dd34
198,kleros-interaction,118ee09a3e6b81b12912c22b4115570b35928a80
199,kleros-interaction,0fbbb4a3855798d8ac8edf6297af5e9c8cbb1a2e
200,kleros-interaction,50006de2a273a25387c3abfe41237b946bbdd857
201,kleros-interaction,7cbe66ddbd35a4011b02d5be290f651b59c42d20
202,kleros-interaction,3fcc69826ffa20a5f73d46ccfd2be2181bff5f63
203,kleros-interaction,69e239231b5617c5fe407d3afb501234cab3b06d
204,kleros-interaction,f2248aefc5384fd0131e3ecd4d0faa11b1e62a98
205,kleros-interaction,8e30599ef89aebd0226c3d8417c0adcfa8dc34d1
206,kleros-interaction,04f5995873d33cdf204bf8f4325dd201749c40b8
207,kleros-interaction,286668909bb0dff34d0364d34083c55bef7e4d29
208,kleros-interaction,a227c5ad8c30402f929baddec23dc0be22216f5b
209,kleros-interaction,be54809fff6d21ff102b1c6584be13885d03be2c
210,kleros-interaction,ec38cfd4583d27cae976ca5a0024b8cbd32085ba
211,kleros-interaction,5652355499cf8e5e641beb60efc258b3ad13e926
212,kleros-interaction,f039733c457b26c3e17dda48d868f25850b2e8e2
213,kleros-interaction,e48d79ac14170d09d0167a3b63d9bacb247b3088
214,kleros-interaction,19026af4703bec5e2b719f4e69fdb915dd65eb74
215,kleros-interaction,dd3e8156dddc8a7007343c5ea4f60a9e08e9935a
216,kleros-interaction,db0f81557c92f7382e39590f8ed34898fc884846
217,kleros-interaction,b094681e1af2a675477f85eae5ac6ab60d5070c8
218,kleros-interaction,f86a8119f197ec16c11b852963abf4b6c0315732
219,kleros-interaction,225ecc6e0529b5ebee41241c396cefe5e484eb68
220,kleros-interaction,330568a6d0345af87395af40422aa43696749860
221,kleros-interaction,7d7a217e5c23649a763aec5e8e16d1d0a16b151b
222,kleros-interaction,18e7a5ec45756923ed7d6855d8f69f394ad91f24
223,kleros-interaction,a8e876b3b59270026c7e6853d306e5025c7668ea
224,kleros-interaction,370fbfed43d594798a67ebec1cc9856baff01e0e
225,kleros-interaction,535ff46d9a21cc1a31fe59d8eb08e0d2a701d8ab
226,kleros-interaction,500702fe56545f108ed69f4888450afdf125e1db
227,kleros-interaction,8a357f0191583001b01ecd0508725b4de0c55b2c
228,kleros-interaction,7460483aead6cc047ffeda8cb8c72c851821a78f
229,kleros-interaction,fba72b640cb87f82d2782de7298f6edd294e41e2
230,kleros-interaction,b7f15fbc6f2c26ff27f36a8d4f69d70888f3ad58
231,kleros-interaction,30a4d0cfc69950848b834ad0489a7dfe63dcae1f
232,kleros-interaction,81e37e5d17153d2a2ecd28b7e3a3c8e090bccaf3
