,repo,commit
0,KyberNetwork-smart-contracts,36fceb00595deeb929fe2c33ccabbe94a05a3540
1,KyberNetwork-smart-contracts,fbe3b9698deb58fe8533a96f55c7841770271f55
2,KyberNetwork-smart-contracts,d7a026dbcff230ec9676e8f1828762e18f24047b
3,KyberNetwork-smart-contracts,79063aaea7ec59414500bf3ce58a38ae3277bdc6
4,KyberNetwork-smart-contracts,d04a0ef6c74a27d289c16598084ffbf36ba29cfd
5,KyberNetwork-smart-contracts,9f0994d32f0e89d66cd15c5331a0f467b27a2295
6,KyberNetwork-smart-contracts,2cdd4f3ce48fdda30e65d1f3d7e10c99a3211c1f
7,KyberNetwork-smart-contracts,fa8c76d04c60917b2a0c9fd7f6e9006f3cd26196
8,KyberNetwork-smart-contracts,e0446024d9dfb4d88a74983d961ad7670748746d
9,KyberNetwork-smart-contracts,ced5be2367d7b345d0ea2c7e7a68babaad42960b
10,KyberNetwork-smart-contracts,7860092f367103998d3b1d692c85330add6d07eb
11,KyberNetwork-smart-contracts,84e7290f82572f60722d68db905c59c89816c464
12,KyberNetwork-smart-contracts,310d4e86fb1969053a73a5a48d44980be9fad659
13,KyberNetwork-smart-contracts,594dd7dbc37544ddc939c19c5ebac59c79a7b0ac
14,KyberNetwork-smart-contracts,6e94419d594c4e784d84b2efc8220cef3876b803
15,KyberNetwork-smart-contracts,9a29ad8677c41fd3ad54cf35e3f3e06933928e63
16,KyberNetwork-smart-contracts,fa8f48a73dd2c922acb18fc132636daf57d703fa
17,KyberNetwork-smart-contracts,d318eb5de5bba05a6a4577b07c6b6df94f1ab464
18,KyberNetwork-smart-contracts,27fda1a1b4d9b51d5a3bab1ff55e5815e46212f1
19,KyberNetwork-smart-contracts,fa9e32db5b1ee08fedede977a6b79ccc55045bb6
20,KyberNetwork-smart-contracts,c04448864dbce98e77d1732eab79ece7781238e3
21,KyberNetwork-smart-contracts,1485b4f075e540bd441a22028ba65e0ef4dbb4a4
22,KyberNetwork-smart-contracts,41d9c5e5208f5f8648dbaef2a5801d4ee897cb20
23,KyberNetwork-smart-contracts,11048f0ba4675f11c5fbd1652165afa8cb9ca116
24,KyberNetwork-smart-contracts,502b33b4ded52c4c170fdea334182591c6c68a9d
25,KyberNetwork-smart-contracts,3688b0813b47ea63d25e5264440b30a149184bab
26,KyberNetwork-smart-contracts,f8cc425c0611fcd9dad1e6ec8edcb2347e690e2e
27,KyberNetwork-smart-contracts,1f95d8956c39e2e1bdc2316b70cd6ced0602b9b2
28,KyberNetwork-smart-contracts,ba1df7eed618a6b5da778b6fcb7affb373f8dee6
29,KyberNetwork-smart-contracts,6ae82a12b15409f2d475e4f4236a43ecd582095f
30,KyberNetwork-smart-contracts,37bb524b71116bc1c217f0817b117e17b2197a24
31,KyberNetwork-smart-contracts,a50218b550dcaf5d322d1ddd5aff033eb82eacde
32,KyberNetwork-smart-contracts,98eb1cc91def40eb58d7b5fc040f491e112b0800
33,KyberNetwork-smart-contracts,32bd89bfa3752fc0f527be50fb351b940af50393
34,KyberNetwork-smart-contracts,00bcf2afb596535e8a276e3e27a39038841b644a
35,KyberNetwork-smart-contracts,fc9eb684871a8c8c3f30e5118ed0e748f9b661b1
36,KyberNetwork-smart-contracts,2c72ba36e7ca1f3b266ce6752ed645a468250182
37,KyberNetwork-smart-contracts,db59e14285c98f5eb038581f20f7c542b1dc8862
38,KyberNetwork-smart-contracts,3ba3951db0219d0b73c85482cbead0938a1f01a3
39,KyberNetwork-smart-contracts,36b0719c8ce6449a0351d5e1c548d6a831764d47
40,KyberNetwork-smart-contracts,86ec5715f41b67347fdcd972d6e5156636be37a1
41,KyberNetwork-smart-contracts,4e5194171f76759b69b7b4c19731d88ec28851aa
42,KyberNetwork-smart-contracts,f2a9d784d1d0b39d92061fa4b9ecc2465f524237
43,KyberNetwork-smart-contracts,66c6073e6f2858ce9e7abb849ec9188f37287af5
44,KyberNetwork-smart-contracts,cfa2928b6fd45c1a67c33d9caea4b72f01a2d592
45,KyberNetwork-smart-contracts,529b831110acc63ed16b2c2138adf24a63e7d47f
46,KyberNetwork-smart-contracts,bdcb492ffaab4f40eba1d8291f0190ffa70369b6
47,KyberNetwork-smart-contracts,2d30514b056e504b34bfb697e3b8633cdfd493d1
48,KyberNetwork-smart-contracts,ebc9c0d88ab21411e825ed7f6946537d8ba6d44e
49,KyberNetwork-smart-contracts,3767dd95d2e8d31ad7f6ab91ca211eb70e04e473
50,KyberNetwork-smart-contracts,282db81589e5d347f3c9686aff77690462ca4084
51,KyberNetwork-smart-contracts,a4d3805b4360c369800ee4a6b27d4feae9ddb32d
52,KyberNetwork-smart-contracts,c97a8f135b94d1916f3b671eb2c7d4979af3c547
53,KyberNetwork-smart-contracts,fa99228327db0958a6294f9c65cf091a4cd088e9
54,KyberNetwork-smart-contracts,e8046166fa5c656a822a302b32af9dc33f42e671
55,KyberNetwork-smart-contracts,223414716ff1379c7fd603c4a65bf33573278d8a
56,KyberNetwork-smart-contracts,5decaa94ce54aa678a29b859a1eb873cfbe888de
57,KyberNetwork-smart-contracts,161fa134d4b97e3b9c3598e3f72b0f5930fe3db5
58,KyberNetwork-smart-contracts,c49a12e1cb29300b3a819f81f03b332696508780
59,KyberNetwork-smart-contracts,621e89b74f77a18e221fca39689a5648e02849b4
60,KyberNetwork-smart-contracts,d1703641bc34a2e321fb5a376025a6a9ac828754
61,KyberNetwork-smart-contracts,32a1dd8760e5ae45327c3b1c5b1c3bf326d02e6f
62,KyberNetwork-smart-contracts,05326fe8d139fd5348981165a39b960ef138bc27
63,KyberNetwork-smart-contracts,7da6be60bca9e5cb1686dddab37abaac8398bf94
64,KyberNetwork-smart-contracts,b86feefe20937aa87fbe31345e65ff35cdbd2f4b
65,KyberNetwork-smart-contracts,6a4e160e7b054bc29db1b8ae819209c1dbc17ab9
66,KyberNetwork-smart-contracts,08d3d79281bd81e2adc43171fe8ea11c3805060e
67,KyberNetwork-smart-contracts,1606fc456c183477a1177c7546e13a9a2ab68649
68,KyberNetwork-smart-contracts,cba7d3eb820063a0a5915e4014f5a4d173a3f9e1
69,KyberNetwork-smart-contracts,2f40fee899a084f7a7049b7c7cd8891e4f70cd89
70,KyberNetwork-smart-contracts,5541b247f6b8e7f31cd2d0e3ac7de6d9d7309a5e
71,KyberNetwork-smart-contracts,6007e242954711422dadc6868b5af70c5c962b5c
72,KyberNetwork-smart-contracts,52caecd2ce6fb4343db9b3ff81b09274543a8edf
73,KyberNetwork-smart-contracts,09b080824607c993c1e789ea02fa27eb9947c33d
74,KyberNetwork-smart-contracts,655b6b639674e76b992ee51627732da5c17f7486
75,KyberNetwork-smart-contracts,f3dfaa54815c3d9564bf92085a16a5b1ad9d77c7
76,KyberNetwork-smart-contracts,da5f114a28b05a6599872fcb6574401c6119085a
77,KyberNetwork-smart-contracts,278605a4bac908213c10192934038da35395621e
78,KyberNetwork-smart-contracts,feda596b1e752233d0e0a75d2820d6e91e0dc180
79,KyberNetwork-smart-contracts,2c36c583672d0fab5989082f2e2ed4e0ec142670
80,KyberNetwork-smart-contracts,8bfc485cfcb704f5910c64be8ac7939650a408ef
81,KyberNetwork-smart-contracts,b9289911f240a2b98168bf3c49c8aef870233382
82,KyberNetwork-smart-contracts,728b47e7de6c797bea0488dd52284be720547be7
83,KyberNetwork-smart-contracts,989e57d8fccfeb240c7674ae568a6224b8f80d48
84,KyberNetwork-smart-contracts,5398b76bbd95b10aa541412be665d65e56d07b64
85,KyberNetwork-smart-contracts,7df9722d7993f5798a7ae6b6b2838d8aaf2ef894
86,KyberNetwork-smart-contracts,2359dfee6898568bf4f87c5bd62b04bf82ec8cb3
87,KyberNetwork-smart-contracts,33c254538844227f8345bc703568ee9e68576d9f
88,KyberNetwork-smart-contracts,69e38aed5889f527e8423d000fed7c485cc209ee
89,KyberNetwork-smart-contracts,9a3c8677fbb6264873d1f98106218d7da371237c
90,KyberNetwork-smart-contracts,aec97e2d2c60a2caec8495213cddba5c2d1c3115
91,KyberNetwork-smart-contracts,e7ce401c46fd604fe178d5a0c3d296945076c926
92,KyberNetwork-smart-contracts,ae376e07ca0463c320609aeaf5a5eff5bdb2dbf7
93,KyberNetwork-smart-contracts,8a1ce95da377dc302263d1c86c80ae32c70cf951
94,KyberNetwork-smart-contracts,492d0e885d5bd1c0b6222e4b379b105d5d152ce2
95,KyberNetwork-smart-contracts,7ca390550ea78f78997cccdcd455f15622958fc1
96,KyberNetwork-smart-contracts,c7d866b49915becf63b5774b7f81cb060c99ee7d
97,KyberNetwork-smart-contracts,5aef86617791d318af27218466f66f1d76730003
98,KyberNetwork-smart-contracts,5644d21469e57bec8ad189458267307948809a30
99,KyberNetwork-smart-contracts,306a26e6e5171444d1c7c63f1ebdac088b37b43b
100,KyberNetwork-smart-contracts,ceb4b1382c387226a4142e35d706df530806f308
101,KyberNetwork-smart-contracts,2a8040bcbc98f0a66af1591b03f08e2eab5809d3
102,KyberNetwork-smart-contracts,eb1f011ed44971e33c6d7ecd291f6ed042f7b795
103,KyberNetwork-smart-contracts,f373f292095981369c75f8fc44fc7fb0b9b4d6f9
104,KyberNetwork-smart-contracts,690a05517326c37a0cab56d2a0295a755fa9b4ba
105,KyberNetwork-smart-contracts,036bfefdd4e6f88e22ee58486415976e61dcc473
106,KyberNetwork-smart-contracts,deaf2b8dc6e253b5218aaf7dcdb1b916ae64f44f
107,KyberNetwork-smart-contracts,6858aa43ba34122d78485ab05db7db3ec44f6f08
108,KyberNetwork-smart-contracts,a6158c7eb4719b5163cfe76438bc0d60cbf1aac7
109,KyberNetwork-smart-contracts,7877fd13809420cdee1e36d9fd705ff16de857da
110,KyberNetwork-smart-contracts,dc2a5cec7c169eec68f744bd9e6de7c18a941a13
111,KyberNetwork-smart-contracts,22506fdb226a39a7cdefbeebfd531cf6858871c9
112,KyberNetwork-smart-contracts,65d48a264c4f7a14182b847321709525c6f47958
113,KyberNetwork-smart-contracts,5cfc512dc4a42d8ae9397ed8045d813326e5ad32
114,KyberNetwork-smart-contracts,b53532ded4408104a8a5747def66b730248327b3
115,KyberNetwork-smart-contracts,05e3174039e44745eaf373b7d6c6febed8ab4bd3
116,KyberNetwork-smart-contracts,a899dc1f41ccd97c84748392572d339d6b0ceba3
117,KyberNetwork-smart-contracts,b64b750cd6cded899d97f82565ff9bcf43ca68a0
118,KyberNetwork-smart-contracts,dd9533437c117df5afdf113a58751c284d06bb92
119,KyberNetwork-smart-contracts,4f46b2f191bca23f700fdb1e92463b26bb3f2aa7
120,KyberNetwork-smart-contracts,ddf0468b85fad8e4157db870fcc2f953242094ae
121,KyberNetwork-smart-contracts,353dd8b638151b624564c57ecd1e8e5a934c5d61
122,KyberNetwork-smart-contracts,6302bc8168510b9b50e03584db2d9355c58d791a
123,KyberNetwork-smart-contracts,4ed7740d9c025beb44c135e63888b5bcfaa9f04c
124,KyberNetwork-smart-contracts,9e97897a7f8fc330acea827164c1943277f7d182
125,KyberNetwork-smart-contracts,8b8b84d17301f6603ac680ad344a442f0a529538
126,KyberNetwork-smart-contracts,294e63c24831b7b7d632aaa376e709a07f176c66
127,KyberNetwork-smart-contracts,8fbb4ebcddba337b6ffae547e68c8906db922d71
128,KyberNetwork-smart-contracts,01cde1882f5bb14d1a1d51a828447b3f373908d5
129,KyberNetwork-smart-contracts,07da9e3235a9ba4d0904ab39363cf6b7f45cb037
130,KyberNetwork-smart-contracts,102d30b8150aadc0ecca8db599d5d4f90745e385
131,KyberNetwork-smart-contracts,2f7b5e974c8bd19811bf3b657294ade99b4ff216
132,KyberNetwork-smart-contracts,882584537a30e141d0a08116c4c69c5842d9a70b
133,KyberNetwork-smart-contracts,59a7ba8db946fe8336f4b5253c7f2ea0d876caef
134,KyberNetwork-smart-contracts,5db4f8522b027f9df7e57e71c6373b15da64dffc
135,KyberNetwork-smart-contracts,f0e50d5c62d287bad68f504384cc0938f352b281
136,KyberNetwork-smart-contracts,db8ac6fb45a33022c9a89115dd243bee63aa40e1
137,KyberNetwork-smart-contracts,5453986a3a76437061fbd77abdc090b6e7e30602
138,KyberNetwork-smart-contracts,7a148d70a62ca74154b95dfe7c7be01ae78b181c
139,KyberNetwork-smart-contracts,ca2fba88361168941ecca8abbb567fa3f50f0b6e
140,KyberNetwork-smart-contracts,0ce811830e9cfcf07f6d25325218eb32ddd2c1cc
141,KyberNetwork-smart-contracts,ef8ff4814994be5a870171e6f41579969043c46a
142,KyberNetwork-smart-contracts,f83b38298bfbad068653f3689d35a4cd468705f2
143,KyberNetwork-smart-contracts,e9a61d69a9fd9d980426892ef0e1aa2afd25b3cb
144,KyberNetwork-smart-contracts,e111210d1c977db6432545108f74d53d096d0f25
145,KyberNetwork-smart-contracts,b123a85d60bf792056c4c5c61b1017b73bb39bae
146,KyberNetwork-smart-contracts,1affd5b4b7b5bd209b553f048b9cedeb590fca21
147,KyberNetwork-smart-contracts,ad692e10c8e7bc0eb929f969878813acee27ad8a
148,KyberNetwork-smart-contracts,1b83c800872b78974d69f5a569e3e2cdf1efe844
149,KyberNetwork-smart-contracts,2a31ed1c407d9f3a2929271e29a8f7476013e214
150,KyberNetwork-smart-contracts,a5acfecef67a10023a66ba0eaa141cfc0d1f0cc2
151,KyberNetwork-smart-contracts,fec525453cd7304275cd9024c4114cb386dea6c7
152,KyberNetwork-smart-contracts,d603bfb324b7bb564e399b9fe3b0bc5b2bf6c454
153,KyberNetwork-smart-contracts,f8332b28a6d5e56dc8f03a65e7fbb41b81db7855
154,KyberNetwork-smart-contracts,4a3731e99a6ef6080ca2f87153564a279d62d708
155,KyberNetwork-smart-contracts,3fffb60b35dcd9626f346b40774c92d6ed3ff8f3
156,KyberNetwork-smart-contracts,2abd13c53489ec54b4ca0289f5e8b6d4a7a6991e
157,KyberNetwork-smart-contracts,e788ce0da0a9c22205e6a568efd58a67990807e3
158,KyberNetwork-smart-contracts,7be2b7e91ca35f171ff8d6519b08711ebd104b6a
159,KyberNetwork-smart-contracts,7d07d55edf2b2e9425ee6f66491333ccf785b877
160,KyberNetwork-smart-contracts,e7c8b0406dc08bbfaf55ac35a3d14d50ff87e759
161,KyberNetwork-smart-contracts,6c17b771b5c57e9ad8622f0b942511607a0d85db
162,KyberNetwork-smart-contracts,f4922fbf8156bfe8b194899f9dcbcf8db73b5cf3
163,KyberNetwork-smart-contracts,cbd23b5a65e45ef2dbe918c33b80d2d0cb0eec56
164,KyberNetwork-smart-contracts,cc95e42c6b23a4c8f96167d6e36a9c4a3d6be995
165,KyberNetwork-smart-contracts,2fefb3b2387dd1c10203677161bc6c1f60ddf176
166,KyberNetwork-smart-contracts,4671215202d5fe445dd692ea7086d2231b1c5ecd
167,KyberNetwork-smart-contracts,558570eeb12abdd93dd7a76722909786d4346c2f
168,KyberNetwork-smart-contracts,475e3a2975a5ae429019db7de9840807e1a1c7ad
169,KyberNetwork-smart-contracts,7a97680f1ff2fd418d97904446567afdfa300cd0
170,KyberNetwork-smart-contracts,8112fec55c8d9f7748350f205ed65b2743c39b87
171,KyberNetwork-smart-contracts,4540dd00f0f57915ca1e537cf1e45769e9326cf6
172,KyberNetwork-smart-contracts,08389598baec6d094507d8c76c75e4b6fc48587f
173,KyberNetwork-smart-contracts,b4dffe5010b664d6a1cd36518efe06772ff594be
174,KyberNetwork-smart-contracts,78c4cc717f6b5e579abc2012df404eec87b827f2
175,KyberNetwork-smart-contracts,d844abedfd6a331958e7b1b4aae7cca06e22537f
176,KyberNetwork-smart-contracts,be5cf68e7f9e65bd4f47620f61a8c24d52020059
177,KyberNetwork-smart-contracts,d2710ef5e5476de22d2ca03002ec3a273ded3522
178,KyberNetwork-smart-contracts,b0504825ad10e436bb42406dcf0286b05ecc1e73
179,KyberNetwork-smart-contracts,7e6c4235b1f962bc8df2ce4a7d062ae20af13578
180,KyberNetwork-smart-contracts,349c44d7cc40d574479f2e9668921a145e39fba5
181,KyberNetwork-smart-contracts,018497d46b58f88f6f714fa6e9ec4e68764506bd
182,KyberNetwork-smart-contracts,07b116da5d8589fd0633c6bc12cef65154b0eb68
183,KyberNetwork-smart-contracts,292a6d3a3bec7a7f0d35e83c98abd85d0bbec485
184,KyberNetwork-smart-contracts,45333103b04a1f4a2180dad96ce6dafd64eb8f02
185,KyberNetwork-smart-contracts,25d64b8382e1ea6498b9364d45df35e741884ddf
186,KyberNetwork-smart-contracts,7e5bbf67259edf5c23bd27fda560ffdd8190459a
187,KyberNetwork-smart-contracts,835621a546ef9804e998c00335752d2b5b906559
188,KyberNetwork-smart-contracts,3003308f47dc2eb93785fe059c959e4c134bf516
189,KyberNetwork-smart-contracts,e314bc7b1f7f2954d42824e705053da265a1316e
190,KyberNetwork-smart-contracts,d743191e01a8066d111bec61cc2b7eb634af45b5
191,KyberNetwork-smart-contracts,b118956c748c23ea416eb07e32a5a64780aab76d
192,KyberNetwork-smart-contracts,d498cddffe0bd8049daeead403757ed558c67d55
193,KyberNetwork-smart-contracts,68d097b1eff697b721e2562cabb043de7973f179
194,KyberNetwork-smart-contracts,e401705cceef312103fe22dd78249dc1ceb57bd9
195,KyberNetwork-smart-contracts,7dc936a7f4c869b94448a8b2b60f51798e06d1f6
196,KyberNetwork-smart-contracts,d2a50795a0b299bb6a2539b29c3e7303dea6d2fe
197,KyberNetwork-smart-contracts,b5784f1b9e016b924673043efbe9a5c383137afd
198,KyberNetwork-smart-contracts,a899aca080d4d5115c44892f38174a8acc4e179d
199,KyberNetwork-smart-contracts,a7c12c38b85288b4d1a3cd7b802e1c71e9e1f839
200,KyberNetwork-smart-contracts,caf08171cf4d0bf257ce5ccfe35b2b8569ab1b8c
201,KyberNetwork-smart-contracts,f5696a71e0d296a4ab7175ae03b2defa3fbfefff
202,KyberNetwork-smart-contracts,4be54bfde97ade2d7795365e8b049ce15f9605a9
203,KyberNetwork-smart-contracts,3764eefa0d8b7248a14367976cd5cd333b281130
204,KyberNetwork-smart-contracts,1326fee165c375a3fbc71f52507b09144aa0d335
205,KyberNetwork-smart-contracts,bd414c33148bf6b3de6b88d73879bd6830538f23
206,KyberNetwork-smart-contracts,4ca93164708fe37dea930ed46538833e4a168cae
207,KyberNetwork-smart-contracts,06f64395a4f85d8548f06e53c9b1e89b669ba49c
208,KyberNetwork-smart-contracts,05ebec5ad04118861a83d886ce97b126687438bc
209,KyberNetwork-smart-contracts,c4707a4aa72895a32a685240f066e66d6b71db3c
210,KyberNetwork-smart-contracts,db18dfc5137271b62c5a51a0f39ae8308b8ae5d7
