,repo,commit
0,land,204996dced80d6ec539f6e60f1dc344faa3c733a
1,land,dba62ee69cb337819bbb17a59bde1b8fef3fd368
2,land,8283c5fe26c2e669ccb14f34152eeaf0a2b0ffde
3,land,60e1bd839fe46f1ca898f83ba94fe96e58f65e97
4,land,b43a272900bb6591e75b7016805ab72376806d58
5,land,8e87fc3fee53dbc114d7b6d610ddfaa0913a1059
6,land,e86ce1778e9f0b3da49928d801c694322d9b1861
7,land,61383387ac361df725267e91c0504659bdd0acc8
8,land,d2aa218cfef27829cfb3eaf39e91705e49b9cc5e
9,land,0f73d2c03ec093320aad7018a7d24d1de8409397
10,land,ad3ad1cc85c1b63d42394770d255e9cfdd0d35bf
11,land,f077d929a29ebc03e9acb6bb1f1ba0ca63381080
12,land,26077fe3af97a8869a5da9f99e80e5b2f56ddeb8
13,land,0c47da6b286b3a53f18ed62970ea8b8f530ba14d
14,land,f5f0e4ccb35f252a5401797e24afdf97f14fa8b9
15,land,febb11a1b596ad570c668eb793a2d26d7262f898
16,land,08963a3bb44b54453016493c3d01ef16c32e64e1
17,land,71ba4cfacf3dd3843681e78dfa250a7d130951d2
18,land,2f6cba54aff54a18ce7f9b6f9e9c3231bcef9b6b
19,land,95f13e4dc2240376ca68f56ed10c3c1ada7b1fe0
20,land,969b71e802445f0634ef58a358fb0103aa85879d
21,land,043f4f3194c0d4421c49ee1ec6c76d8986b6e7f0
22,land,f77e3d1a76893ca1f2fc187beebcf42713c10916
23,land,3e67868090488f88d45022b901f3f4b4e2eeb8ad
24,land,7d4739a2bb63a55ae5f0e226e6ec697c11a5b7a0
25,land,1255ec6e210ddc9fedcb7b4154202103234052ec
26,land,a892cca5fcab4b0d661f7fac1124619c68b01f5e
27,land,0a04dc0e7776b507fb7497c90085c24601c7de68
28,land,c07bd43980450cac552ddfaacaefa28d145f6e22
29,land,35739d578c21f63790b450ffbd463016740e737a
30,land,4e67ae165a83bf20393720c05561fd29d93eda56
31,land,8229dcdf97c059533f86a8e08c0b6acc9716d2a4
32,land,d32ecfa16a1e74df70d7ea84f35e23f3df9805a9
33,land,bc5e9c34d9f28c1ec5f1d8cc61de86328862a8c4
34,land,7a23b54b71b52eb1c389fff7a4e561c49b3c132c
35,land,d5d957f062d50c48480c063dcf42328fa6f760e2
36,land,6f7c858de402f40317f79199383f074ab15202b2
37,land,57da19f5e9ee00d532b6b350d294b976a06aba9c
38,land,366d5453ff78e1d52f0312097d9052459c27331b
39,land,e5704087d6868eca3a4f23388da656830b73ded6
40,land,f7e4beef05f1ec56103532558caa630ff2470b36
41,land,3a6b587225fe5de71d26acccfeb4d1a46043761d
