,repo,commit
0,mosaic-contracts,1222eb521429d7d3edf91db52172dbcdeb762beb
1,mosaic-contracts,c9a6d1464e52c05cf1b16bcd0e49ae0b7cbc494f
2,mosaic-contracts,d7c7402494551a9f7eee8ba70d0acad6f82c243c
3,mosaic-contracts,6ba68cfea822f7bf1ade6b1a087a2073792439a9
4,mosaic-contracts,591f917c9d9cf31026b762d5a4f1b4f675be125e
5,mosaic-contracts,4d87b9f33c26cc8e633136b2f9d9780acb4e9e3b
6,mosaic-contracts,ef3806d4e4e67e06300c01d49e9c9ac5cee749ca
7,mosaic-contracts,aeac2df9691f7058b39d641f319fc865de3d22da
8,mosaic-contracts,b4f6a60582fcb8849e47d9a22b453675becee9c5
9,mosaic-contracts,86b5eeda439108e4a1eea05fb19f6ffb404e14a6
10,mosaic-contracts,dcd9052337593024bf54de9bff3f695e65195537
11,mosaic-contracts,97714b646ada224f425463128810aae21893c58d
12,mosaic-contracts,4019685f6265b65badff6a293bcad59ad58b9b1e
13,mosaic-contracts,8b365538351b40760997fa923bdb5c8bca1ec85f
14,mosaic-contracts,eddcc036a89f7ed16b3c13c13e32df461d42417d
15,mosaic-contracts,7cafe78b93a75063ce2916d3af618bf52db55244
16,mosaic-contracts,1b66526b66dce1b761e9695507f0b174816a6423
17,mosaic-contracts,52238bcd5f99074bfddd6a63b9333d0423b109bd
18,mosaic-contracts,164cc04d87b81385467ed998566e66211462bdc2
19,mosaic-contracts,d70c7466fcdfee249d0d7875ac5160e559d3558c
20,mosaic-contracts,52b51828a3e8fc4b7cc1845471abef07868d78ae
21,mosaic-contracts,33da3be62d892fcdbe388724b8e805b6ff4bde9a
22,mosaic-contracts,01dad9ab1539e1594fe3e0970c9fdfff96b7f831
23,mosaic-contracts,0f38b34e2fc4752d2b6203e41e7f044f6e01794e
24,mosaic-contracts,ca4e4aeb373b80265e4cd69d050170a417711995
25,mosaic-contracts,fc64716cdb6b3fea57a756b0079f52ee29937289
26,mosaic-contracts,e7a0f12b934f2834b0107048f99bf4c5728fa31e
27,mosaic-contracts,ef15b0a0d78026f2ef64692c1d99e813e8b8321a
28,mosaic-contracts,da752f10eba1655fa4266ba88d3f31dc088715db
29,mosaic-contracts,2525700feb6760d4507bb0e7f640e8a9c32130ba
30,mosaic-contracts,929586f7c2502959344e3d44141512367a89b4d8
31,mosaic-contracts,9bdc48e2ac737baa697c6986aae4853da97f8890
32,mosaic-contracts,8d9aef2bd1271ed1e5888613781a504f947dd476
33,mosaic-contracts,4b1dd302e4cf04b1a20bf4c3b97dc0d12cb7a223
34,mosaic-contracts,6d96a06ee4b6e8466728fe0dd9570e01aa138400
35,mosaic-contracts,3d85a3b853dea5f3b97a06bfeb5578c86884d818
36,mosaic-contracts,144c07dd19fddf4a17dc8df04dd7d7d324612853
37,mosaic-contracts,98076505563e6cc5db20df633693d955e67068b2
38,mosaic-contracts,55535300f4cedc784ccadce83036d73a2eb1f37c
39,mosaic-contracts,b9bab74d28479ea75c5b21e687ea3da2334f5906
40,mosaic-contracts,c7b61932f5e075ab4c827e7059349123b8a049bd
41,mosaic-contracts,c06ac66c1a259c2bb5a1dd7b8fbb8a8a7da175df
42,mosaic-contracts,ffb342014e951d30b52833ae0a8d1f0a2c592c23
43,mosaic-contracts,aa95268c03431f7d1d55a969825f04fe57c0d573
44,mosaic-contracts,c96455e876fb0d010d43671fa791f6b61abd768b
45,mosaic-contracts,4f18dc00d9bd27c64bac8083b06d294dcfc82b0f
46,mosaic-contracts,57a497bf59948bfe480cbe748eac9e5489ed3c12
47,mosaic-contracts,ae740c375949d74c05eb96fb3c82dcd3c4a7afd6
48,mosaic-contracts,87c2cbc25614d756817582aa9f4c86f2ef812bf5
49,mosaic-contracts,4aa28db7ec6ed6a355308f11d420d406a3ec8d4c
50,mosaic-contracts,2ce45aa0a486630c9370700bc402ff173f0edbc0
51,mosaic-contracts,dd1f7c9786343baee0f463d26cec2c829b2e2adb
52,mosaic-contracts,40084b8cfaf4ac99d923d3c622f1c15991a49a24
53,mosaic-contracts,0ad07a225638f878cc32acbd0113d3167260de71
54,mosaic-contracts,2bfcebaa5060868b81e1dfdce6c458fa3bcfa52b
55,mosaic-contracts,f2c204b3f92e9424cbf6695c56aeda6ba30e08f8
56,mosaic-contracts,beb97873629b8b975cd782a6fd6b994fd892d2df
57,mosaic-contracts,08700d99059ccfb742923adfd1acf02dbf62cd52
58,mosaic-contracts,d72c687cd22c49dbf581ba7659ef639d5c346763
59,mosaic-contracts,8b3badd919243ff6dd3b81f9850eeecec2ba9a58
60,mosaic-contracts,b3d8a202e9a20a731435a8faa09a1e02d3767170
61,mosaic-contracts,9314342164c09e0ead45cf1a1f23c105db5d0378
62,mosaic-contracts,cc5ea8a4b148f06aff14330a910f30f62198174a
63,mosaic-contracts,fa932e592d1a30ac784297dcac571e5c34d02e19
64,mosaic-contracts,e19429733120bb1176d8d91b71a2e24079421ea1
65,mosaic-contracts,ef0914f87af6b829a43a1b3dc4435a7b9c96a831
66,mosaic-contracts,50bc1d7699cd418c8284d96d826fe9840f522bd4
67,mosaic-contracts,8e2ebd2a5bcff0e63488faad0af8c7a58e111e75
68,mosaic-contracts,606593f832a4b00506a898103dab302110b2866f
69,mosaic-contracts,1876dd4a31ddd9ca23676eae0314b7c11100163b
70,mosaic-contracts,48f4742b295f9628c7ea5ffcd0e32ce15a4934f9
71,mosaic-contracts,7b337f65ece8394642af552f1a920137c520cd65
72,mosaic-contracts,eb7cc3fd1188735daeeb54a149339908fb266d87
73,mosaic-contracts,172d5b6bc9986e8a7c417b924a43f5a2630c55fd
74,mosaic-contracts,ff88239d92a39267650b9ba8fb4a356db9d3f963
75,mosaic-contracts,8c5350a6a820422db6fc782365aeada65c824b8d
76,mosaic-contracts,5643e73a19974643524ba48b31af3abba496f3fa
77,mosaic-contracts,6785ca14d697add5afaaa6135afb5b1b98b8081d
78,mosaic-contracts,311ec801a3f167d3790f98fb3c3c5f75ef64e158
79,mosaic-contracts,a6fcdc679ff698c8582d5ea58a723d864556e66e
80,mosaic-contracts,bd71a6ac67114961b44ebfe5e480609be08071d3
81,mosaic-contracts,e299c53fd31eca984e122ff99393fe5d2ad4d6bf
82,mosaic-contracts,4cca31ea4b2bc206f39a8553afba93a31e5c1bc7
83,mosaic-contracts,4ff0cb4871090270ed0c92192e4bcbf417548d48
84,mosaic-contracts,bf7e15ff3d59653a536452d80fd2cb6c2100bc28
85,mosaic-contracts,af6868d93065fb11f88c77a301eb7883c91e4b58
86,mosaic-contracts,e499970b9573612ce869243e589ae7dc90aa0a48
87,mosaic-contracts,1590d2e6eb48e94dd5ec28e8bf3d64c14199058b
88,mosaic-contracts,7965288e91a5a99ec2e0bde2929a6421d678a733
89,mosaic-contracts,b4199f432b468395e45f1d05ccc26e047a96d9c8
90,mosaic-contracts,3b0f620bc28e3f95f15fabd7fedc337a9273f684
91,mosaic-contracts,518ca5ad69edaf642890dd5f52403fae7d0e33cf
92,mosaic-contracts,babe5771f8241d80cfcb38d56333543a0c0e926e
93,mosaic-contracts,35d1c1049ebabe01020aa6211b58d0d0ef8e5122
94,mosaic-contracts,912db02f30746e7fc8f4473680732fb0ccfea15e
95,mosaic-contracts,687ffd2c59672ae6ca30940d7ec34d0be4d0b813
96,mosaic-contracts,abea6a21047aaa6363f0e57c14da06113a54006b
97,mosaic-contracts,6840083fe93b878e465244e4d97a39941239a5d9
98,mosaic-contracts,eecc8d1b0e1983a5cecd621bfcd67d4006089ed8
99,mosaic-contracts,8192e6789372c65bb2a35f67524389ad3dd13735
100,mosaic-contracts,0265eed59e574741f1f6abfe268f0c6ee90ee11b
101,mosaic-contracts,9ceb9a7bae9c5479f30d47be2715cdbdb91b3a58
102,mosaic-contracts,c64430284e9d26314ad3cc6d04c2ae5b55f87213
103,mosaic-contracts,fc3c98f850d25c311c134e91008a2d65ee925e92
104,mosaic-contracts,2a43dd5c90de73a6d96445d927a602cda6ea967e
105,mosaic-contracts,a8ddbf77cc4d83b6f8febd52fe68f26d69fa35f6
106,mosaic-contracts,b4bd217c24b59751f63ec8f9fb3327760d98836d
107,mosaic-contracts,3e3a16b1c9ee08fd4e703757f45082b0540c8f2d
108,mosaic-contracts,69b4d6dc05dfd18285593bbe96c1cbbe0194bb03
109,mosaic-contracts,ed4b2aacdd6522e528bdf0274d5780281dde7995
110,mosaic-contracts,65c36976ad4543ad2da37201954d0c7c6dd59b8e
111,mosaic-contracts,be59a3c3e7c6516adc1c9000fa65a059addbe1d9
112,mosaic-contracts,581b81d95c631f2cf3d33cd7796e428bcbaa506b
113,mosaic-contracts,8b8cbf40e3a01313604408e6376a4c7547da7c58
114,mosaic-contracts,51b5aa95ea03a1ea65ec077b6666bc718228d0d4
115,mosaic-contracts,651d81d1d360dcdaea3ffc001971bb1dbda041fd
116,mosaic-contracts,d8d02cece8e25500c4d0a0443e288b8fe2f186a8
117,mosaic-contracts,352d7c2d01e3ff4b6f8f029c3c7c1aa98388c0c0
118,mosaic-contracts,0c722617f6739910532fc1914691215abd6ac146
119,mosaic-contracts,44878cd597134960c99a8a1f2455d9c4788c859c
120,mosaic-contracts,4fd99640b0520e49005bb53099ff07a2aa98f75f
121,mosaic-contracts,030c78e9a9002a73dea6b58cd735936aa7ad9c4a
122,mosaic-contracts,3d25e8d7e495eae580f28abf49b2d14e7ad87c64
123,mosaic-contracts,29a100d6b11b01a2f3f0d6e1d1cdda76e4970fb5
124,mosaic-contracts,356224828dfc490d98a1e95f294af498a0dd6c94
125,mosaic-contracts,f1d1d51b1dc79fe4a251eb32218624d20a10daa0
126,mosaic-contracts,32b62a81712a6f5509b69d43b9f83c5b8861616d
127,mosaic-contracts,d6e3172805251b562931a2194deebbb5711c1524
128,mosaic-contracts,6959db4999f70526f1f81500d57f5155fcf4f63b
129,mosaic-contracts,8e5cc5a2935ac3ecc5d7a6554138ee5338dfbaef
130,mosaic-contracts,c2dd63facb5c4966682f1e94d7dd7f7b6df67f17
131,mosaic-contracts,05aae194cb4790f258d51e891c57cd432079b385
132,mosaic-contracts,78030db04c4e0a48acd83b54bcc485d393b546e0
133,mosaic-contracts,c4d40f4a4a393b3764a4d40f0403baf1abb5acd6
134,mosaic-contracts,bddbd5d702b8e3fa3e14289089922880c02470c3
135,mosaic-contracts,54ea7111cb47d3f4a4f74dd04704370237cd5a29
136,mosaic-contracts,58c32a7fe2ab63b23915c193189557e9e0ca1406
137,mosaic-contracts,a99b5cfaecc46daaed979dfc6f82ff108aa8adf7
138,mosaic-contracts,651165e23958f9f57529e65a35496c2ac88dbf2a
139,mosaic-contracts,5d0c302b819413b42aa573c46d32f5d8ecba93ff
140,mosaic-contracts,1cbc04ebdfd746e0709ef36404b2bc75ee94632b
141,mosaic-contracts,0ea41adc7ae66b0ac561bbb78b2718fb744eb620
142,mosaic-contracts,a6ca1838713e0f82fbb88785ac639960f06004ef
143,mosaic-contracts,bfb0c0784c4c2742b27657532b3c9bd90dd24683
144,mosaic-contracts,57e0c7030a83c8cf15039b7c811cdf21478d5187
145,mosaic-contracts,6c5e239cebc06760ee62fc70df58e474fe2dabc4
146,mosaic-contracts,fd4dbd4f07f1cd9eb0235cc5d0613bb768a0a238
147,mosaic-contracts,3c116b6a78d4e14eaec010423ea4fbfc983d9666
148,mosaic-contracts,4a5fd93f05a38ce32c79612f293f05ffc0fa05f9
149,mosaic-contracts,c1ef56f5d4ccc28e886084206f6cf99ea2ea2f8b
150,mosaic-contracts,740e5e397d0dd42285167f2017bcc043d2b3f43a
151,mosaic-contracts,f0e4f31a35f34cd778dc635dcdd26a2eb8eb4c34
152,mosaic-contracts,2f3ed51f26e72f631094ec2330664be689f03de0
153,mosaic-contracts,748e0fe174bda1461a818f7ab28fd2f46d0afb28
154,mosaic-contracts,351045736b4e0c52f691a8c005cc8ad27096cfdd
155,mosaic-contracts,325e76dd8bdb9b06687453401762c043251ece60
156,mosaic-contracts,8c53345d433132abdf8325eaad8c6317f77d0439
157,mosaic-contracts,88d0c5df7af13a8261d14e0a98cb29efadd69dc7
158,mosaic-contracts,f4213fb3b2bc7009a249a41a96c133e514f3ac57
159,mosaic-contracts,360fd18a0f527aa853a39e5743053e963173533d
160,mosaic-contracts,5a893fc416de5ec9f1306ddf98220c2ca23bec7f
161,mosaic-contracts,4458e163e08e0c5faf4c31086449b348868f96e4
162,mosaic-contracts,d6a7f1e6ccdf974bcdd30e5561c8da7efc7edc96
163,mosaic-contracts,d3a9831238a26132e6acd211d16f2ddcb2f43e6c
164,mosaic-contracts,068db0522b807454fd69e06a0cc99b0952657aab
165,mosaic-contracts,51a4e7102d70e0ba8911ecc689351b8ed22e918f
166,mosaic-contracts,617868255e2380ffe263c0c24df46a87226965d0
167,mosaic-contracts,da6b96f9b001f748598a5945453d92f41fb1516c
168,mosaic-contracts,7195c7ad859c357d33b66e4907b1159919d8150b
169,mosaic-contracts,0c35acfa94289de380ad2cbda72ee0d5ae0a182e
170,mosaic-contracts,f47d766bc0011436319a75a20c3a3f57a196bef2
171,mosaic-contracts,f1eb727c4c77b45f888000df78a31b7c84d53031
172,mosaic-contracts,ba7b45c8c2dc065b0507324035a5c12be98ca6d2
173,mosaic-contracts,43e1d7dc814cee969830d4f9c22cb00ff2498d63
174,mosaic-contracts,a3242000ab36caf6f36887f0abfe756a8500c81d
175,mosaic-contracts,86326ef9852f25712750229c14b9fdcaf3573fc6
176,mosaic-contracts,9bf9f0833fdebfee2515c7a629d909b2bcc5746b
177,mosaic-contracts,9536720297af441cfb845b58624082edea1b28e5
178,mosaic-contracts,979a9dabaf6e983c08be145cb6f7f37d834b1643
179,mosaic-contracts,087e91a52871e79f2192858540b2d6f02a61a34b
