,repo,commit
0,plasma-cash,4f495feedd02cad531e3cb81458027b7c02c1fcd
1,plasma-cash,9d70ba859ed2ffcc89cc814ba949bb76172272c7
2,plasma-cash,b25365bda4a335c4c23aff9823d1d081305b92a7
3,plasma-cash,0ea6eeca97d5e07583c2437629806ffda100460a
4,plasma-cash,06a45a6c946b91df4bb937cdc20802b2ec50a854
5,plasma-cash,564f3d90967e4816b9132d2a273c5dc455256b22
6,plasma-cash,33141890bf27ccae78260ad33f97bbcc6a91ba6f
7,plasma-cash,e73275d2e6cff146230e47c19e5932f871109fdb
8,plasma-cash,b10b1bc7b6be7d48ccf47b87022629a78b4dca72
9,plasma-cash,d2b4d72ca57ada6fd18ae86b90490b181b08fcdf
10,plasma-cash,bd224d7edc0e2bbf31b441feb52a4a9ff15e0621
11,plasma-cash,0221a5835e0113cd303d1d184008aa58af3f801a
12,plasma-cash,2e6e03664fd2210c55027d1d70883e6c789bc92e
13,plasma-cash,318946dfe570fbe18130640c6a0c085f9c5b15a9
14,plasma-cash,d585ed22892cf89cbd4599bedc43d9ebf4ab57ca
15,plasma-cash,e64a40553bdb05c91a5cd9a5d012fdb03f914384
16,plasma-cash,b39b89e9017286626b4620995aa967a8ff721000
17,plasma-cash,02fa619db5fa4756596a152856d1ac2b0fd98237
18,plasma-cash,d32674df4a5cfc90ef3b26092c6cc87e82a2156c
19,plasma-cash,6efeb7da2ed3945a99242387dff0c7652f5b0885
20,plasma-cash,3ef8d2a5c0b04f0e2a48754c7b09e76e3a820d1f
21,plasma-cash,f103f223ff5dbe0b0d97bda6f72a417b04f5f42b
22,plasma-cash,16fe124fd326a50ed0263f2e5a6c2d95bc4a9864
23,plasma-cash,d0635b043245b4c0788d6e45d56f6118ab4611c3
24,plasma-cash,e9153ee7b457a25d09c2ee160f50a6c3bcf2b8d9
25,plasma-cash,32bf347f8327c4fcdc033737823882b738d404b8
26,plasma-cash,b0170f603fcbf50096df588720eb35f7999a5b56
27,plasma-cash,612a4fa0eb9a2b2402c0cf29ab0ae9dcb8b444d4
28,plasma-cash,09b6ce2cabc31e58b736af855cb3a77396bdee59
29,plasma-cash,4c2a234c0420a135c54a24e8f85998fa23ebceca
30,plasma-cash,6eb695a3750dc2f04875dd4be6b76d3600a79698
31,plasma-cash,de6af807e4bd9bb958d0e40aae59e32161d5a2d6
