,repo,commit
0,pm-contracts,e661e5d02d0bea40d55af8d6b08b59e76566778c
1,pm-contracts,2d3ff76979dfeaca7aa6de13f56caf646e056384
2,pm-contracts,d20f85055d5717275d7149e5b5861def94f3f78b
3,pm-contracts,e81acf080705bd913f13091314dc8786ee161b03
4,pm-contracts,1378105e9b0bd10c0e924136e077da48c882c90d
5,pm-contracts,0ff8ee1245447317c5015bd906cd2fe94d3fe133
6,pm-contracts,9fa6f585a4e95b03378c43ca8ef3912ae8dbc195
7,pm-contracts,81b40df2fe17dbcf1e4c65d7e2f946fed23cb351
8,pm-contracts,a3e9908004a39a1a44ef43f61f9e037d73df062b
9,pm-contracts,19f642e91fed14b55c06df15057ea9664eeac88a
10,pm-contracts,15415c2e23c609f54f32bf9fe3cbb6b63c15ff45
11,pm-contracts,74bd779682f0d2567bac7e045a21fb6d79a3b5f2
12,pm-contracts,dbcb07835a86209e12ce9d1748c0a6a514f5936b
