,repo,commit
0,polymath-token,289e0a8b675f46f30a092cf936b016a45ee0560b
1,polymath-token,c827463bb986c949940c00ec7f01257d2f713961
2,polymath-token,3e8983ce285b1f6396421e97701855e9178b8dde
3,polymath-token,ff1bbea52ecba734cb8330f9e0db3132370db975
4,polymath-token,30fa2b72d7d0f69da9e906764857780a3778dba7
5,polymath-token,4761ce6e0ec2f309c6d8bea14a84f94fb80ad3c3
6,polymath-token,e3b641c22ebec0552c9b7b65ecc224d960d582b0
7,polymath-token,cbe5332e435d1083a8e0879ab1ca0b2438083a2a
8,polymath-token,a0404bfa450b048a5669718b473cd2f4bff38f0c
9,polymath-token,c91da5e27d56692f31040c5acd431af8c9667be4
