,repo,commit
0,polymath-core,7dadf047f344b2c84ec364827d250a9dac7bfe01
1,polymath-core,807720e5f6c0d842b8b55382b9a359ed4943dc50
2,polymath-core,dd9cf8a7a6a43d53a2f18508359263b98c19d9b6
3,polymath-core,031f5dd9e3b403b2604f805e8f38893a9ffdadde
4,polymath-core,c4afe289cc1b8f1f501562f64db03a6236ffda08
5,polymath-core,548d7fdb168cc0d3e2aac30afb5d5cd832b85f97
6,polymath-core,c3c7fd188f17ec8884913025fd39937066546696
7,polymath-core,3d45fb224f7636c1f71d93b18185bde048b2a7c5
8,polymath-core,69b96d507a22d72a130e7e25d5ec0762e486cf0f
9,polymath-core,fd51e7abaad3d01bbf4697349e0a827fa64e356e
10,polymath-core,83f0afa32699b6945e66efd0d1b0bcbb51a009a8
11,polymath-core,688f0a40f5f671d48fb94955a72e513e5c384b73
12,polymath-core,124311bf5ff8010ff1cd8e95f77bde181c1fe561
13,polymath-core,c0700ea78a9ce75b25af982ae2400ca1a3bec9a0
14,polymath-core,3638c60dad85c104103ce6d1bbecbc4b59b43b53
15,polymath-core,d85c5947176f1fe31378d95adeaec35506080c1e
16,polymath-core,8e951d6ac5049b4c460a1addfcd3a02e8ac4a994
17,polymath-core,6dcef1f1ff0323c62992a0497b7a3fade01a2dc9
18,polymath-core,d6ed74766ed6242972dc1e49469e37e68089a547
19,polymath-core,b29a42cdb28a1855a500fe858a5961ee1b6f5e2e
20,polymath-core,5574125aa37735e2e6cf49b23f8ce89e392aafe6
21,polymath-core,06ce33215c3e592f4ee5761048002241750d274f
22,polymath-core,4ae3a219c4f5880308201637da9a170f07d39f66
23,polymath-core,552de1b3a1c25f50089d2eeb0a8d9a3fa3305a16
24,polymath-core,0369cf3e105eb2ceb361a5f939607fef278c342b
25,polymath-core,3477f0f5fe537f12778442ea9a7ea5e91e55608d
26,polymath-core,c637c2cc570984be0aaa1a75f9b72590645a8ad2
27,polymath-core,bb48255d09fdb14dbd6d33deb2f25e6ea9760433
28,polymath-core,46c9cddd561f1072abac4d409d5c5998becca2f3
29,polymath-core,e5799470f3a5e64e272f779202048b27c7238711
30,polymath-core,97fe1cfee07065ef88e11f66b15a11f1076bbaa9
31,polymath-core,e3a2a592227e2fc265bdd8937cd6fc2ff9e2da8e
32,polymath-core,3fd2a34e4d4d250135ba348942b756c91d407908
33,polymath-core,3dba7bdd01ce453d7b2112d902781a4dc2017b66
34,polymath-core,137e6ebb9c8575c8e782c07479d2ac134076798e
35,polymath-core,8a8926214709bac11e4eccf9f79a78b733809aa8
36,polymath-core,c161fc912d8e7b1bb2b4c83c5bf9b73861ef3a6d
37,polymath-core,ed9644277933cd3fd37f2a3f0d2734398e257ada
38,polymath-core,b9df9cbcab5681d95437aae4b02937c25eb11780
39,polymath-core,ae08093b5e4be98e87e707b47b83f15a59365433
40,polymath-core,a3f46e53be800887d10d5242e06f6bb3999ca030
41,polymath-core,434346c45782efc5a16a68de4833bdb73aed3415
42,polymath-core,dc5657b3b8dc1acbce06adbc882917ce1496fed5
43,polymath-core,37aafb8acb3e2a265011e54c9d545594c1c1adb4
44,polymath-core,f3b58fb883b3204547b9fb6c6e8fd97ca1a1a6a1
45,polymath-core,125a199649cf73e605a2fa311d7708f3fe5f1c15
46,polymath-core,0a3999546c262891f123f92ed17524b730648aac
47,polymath-core,43ccbf8218bad84799aaebf80378ccb67e1845bf
48,polymath-core,56d0a573f1dfa6964173c2fbcadb1931a1782ef7
49,polymath-core,42e4a789931d47984429d84b78e40bb3c3320f6a
50,polymath-core,061e38aee8e17bfcc2903f49cdc551e50e3cf5c6
51,polymath-core,f44d05372852c7355e0a7dd2f46d9c3cadc96d40
52,polymath-core,094769752bdf0c8f238388c5de56c6de25db22f5
53,polymath-core,61262019aef2dd8e6edc8750564d542904ab574e
54,polymath-core,9f0e2efe8c28223b63a62369388f5f6734b6adff
55,polymath-core,401156bbee0d036f9dd40da2309b3a9b0a1771c4
56,polymath-core,115c3cb807a4bc87cf8a8905d2ad685b9881e574
57,polymath-core,7ab089a07522d62709e68ff4e8a68d1800aa9cda
58,polymath-core,efcde8aefa89961d871d5b6e069139dd5fcaa4e3
59,polymath-core,fb9b15ee5046d13dee9e8f677c5a2ad7af6a1668
60,polymath-core,ab80b542e8ad299093db0d1c267c0d952785e4c7
61,polymath-core,d4d35e5def725926bf5667980b4c053bcbcdd2ed
62,polymath-core,b847f54cb7aab35860723407a41fecbc75641a5a
63,polymath-core,ebda32a9840d1353ca8f765bc6837a7374bcf4fa
64,polymath-core,418a99bc20264b98472827dda189ac656f5f6c28
65,polymath-core,8059c0e217cc34da28ec8141c6b16bba4cde855a
66,polymath-core,a65bed9c9982817822c23feabc0426c82df4dca8
67,polymath-core,38881915551055013184b19a8d9dd67c31bc6610
68,polymath-core,7c1d555f700cd7942f1bbe2f1e68b5f41f00c8b9
69,polymath-core,5fa2f1ea900075d615434f1adced2332a1878c9e
70,polymath-core,8dee698763c49915828b3221eedfe9fbf8c1aebf
71,polymath-core,ed9ca9436393e83234050f77969d8eaeb80bfdb2
72,polymath-core,158b70cc49c44a1cac0d829545b5a9deae41bb5e
73,polymath-core,d1b747434cb329c2e710690dcca1ca963981a95f
74,polymath-core,2a74f70b958a1419737e1f12f39431487ce8455e
75,polymath-core,4c1ac67940e056242c76f0c21ab4e931b3ac8292
76,polymath-core,035fbb3bb0f5e25b97396b4c11f08f660f227df8
77,polymath-core,6199a260a37e2fb71018d5c980b743b385ffc0b9
78,polymath-core,86d4efbd226a9f0a08221eb3c331e609a5f65be7
79,polymath-core,63197cfb41de6c2e982ecfd21082e8f97c847fee
80,polymath-core,89e94f734c37bf2ae1ee0018796ed76b03b7c1fd
81,polymath-core,c150045ae7fb826354c8c950d430ec253e4eff4f
82,polymath-core,4ce46668d73587daff14d8bd4766bc7f28c4c767
83,polymath-core,df996a17860501c37d07db43c8af2dfbdef8e142
84,polymath-core,468b04772ecd1a395e19ed91f3a0c9cd87638ab3
85,polymath-core,ede272b998a92587f57296dfc798be7232b2d9ee
86,polymath-core,b94c06863a4eb6f888ad77f69b2b1a06612a9d82
87,polymath-core,3f4f6db851ed5060dc554ca4ce1b633b7db5a873
88,polymath-core,4c32a99a978f92d27d9cd1b8ae9b7666c3dc4328
89,polymath-core,627a4e368b3b77873d2a159bca91087c932d4eb0
90,polymath-core,99bb061810860d071d48b9ca985f9477eda8b595
91,polymath-core,5bf40c5db2808a66429c9a2508a13edb7b72f8a0
92,polymath-core,308f9924f63e1cba80795e49e15c5423e37ef08c
93,polymath-core,e4a6eee922a604a63eaa1f820e26a2c8ef786434
94,polymath-core,1aaef5058a6a3c721c9799e6a516591c5ab97fde
95,polymath-core,1d485d441ca99f7e0b11e053d135f57f402cc363
96,polymath-core,3affcd02211f92f60f755e60488fb1d53f460e18
97,polymath-core,1f29ca9d7c3fc057874938c2c5ee4e71f8e7b85c
98,polymath-core,d65432ff8e98d45c0f9ab9e72efd8589d1e7ca61
99,polymath-core,abd94779bfc22ebbc520718512abc3e0a6fc3f84
100,polymath-core,741e79037e69906a454154ff5e4c91ac6faa4076
101,polymath-core,c056227035edf03c9834ec2087954eecdb55b1ce
102,polymath-core,7e2859be63aac7dfeefe235baed97677a37281a9
103,polymath-core,acbc3f5bb620cbd4cc79c45f92bb60cb2932cbb3
104,polymath-core,f4869dd6d47c0816181401530cf677f6deef9281
105,polymath-core,11f6e60f28b4e2f10f21c4c2ebf18c4b5ec4142d
106,polymath-core,b91c14ef5693b3d871800ebd9290836ea6c6d743
107,polymath-core,527869613f1c15c565eb0cfb15c5a51c5df1ee98
108,polymath-core,5a7657b94c6a319cff8222175460ac9269075ecb
109,polymath-core,f31a00146054a8593e39f0878882e9720ae77523
110,polymath-core,c6b04e12938af26113d0e298b49b650e9a04e6e7
111,polymath-core,a925a8c682b09b7d5d1d80b9978a43b5d863f2db
112,polymath-core,c2b8b060da3e75aa2e97bbd3660c196632b5df8d
113,polymath-core,b666431903f3a1cb540da5ed723c1ad6bd274ce1
114,polymath-core,1c7ed17f3b5701e25fb8a19f42e88e5d92e32f1f
115,polymath-core,626083a563c3f83b616f18f49d36a91ea27af7ac
116,polymath-core,02d9426de8c9445e078c5ae449c8b3439c96a796
117,polymath-core,712ec474295c5f6cf1abf00ae71c2e6c450b80d5
118,polymath-core,27e13cb999d9e6d86222c13d549664085b38895d
119,polymath-core,c92ed874324c721423f47ab081a3ff7cdbc3dbdf
120,polymath-core,825208e8f4ef443560e080cc8dc0875e9e406f63
121,polymath-core,1274e9231c13a571cce2b084b3e6b4084065fe0d
122,polymath-core,fb701344f1eaea954f98c583aab22c19c73b5ea4
123,polymath-core,ae76ed719075251ed15f9d81ef8cbd30654e036b
124,polymath-core,a2f5f9cfb33d36c7a2f9b6733c0b03a156c5d618
125,polymath-core,ecbf96fd5171f090927e7aca2ae7dc9460e1c782
126,polymath-core,7ea9246cecd3a5d3d8477f40f5788764bd84e130
127,polymath-core,1bf3733518747299ce0b497ecd33cf6e91eeeaab
128,polymath-core,9dc4e040e058e9bce57ee33ce1de2e9d0694304f
129,polymath-core,83dc32fc1e3169bf7cac608ba5e00c2944779974
130,polymath-core,55e47b430e79b5a125438182b2b97a3557e0f691
131,polymath-core,f0846f6295c7ec850562daa3ec4af085633a71ad
132,polymath-core,057ba09d57dbb058e822f214ab5b82e28fa9abd6
133,polymath-core,05ae051aa87344c9fda9184a43a8cc5c781acb38
134,polymath-core,475544f979fe9177c526430ee6dc133538e1e23f
135,polymath-core,f2ab5ffc5a55b74112c03a267d2065d578803699
136,polymath-core,c29b700d0b430be198e3ae0482b626d6258ef2d3
137,polymath-core,2110366a35fd7ca47caa9f0eb4819a77ca475bd8
138,polymath-core,345b5d22fec4f846b2cc33a1dce728bac4f24a1c
139,polymath-core,d1c8bcc81af72b3524a05ee51b291841e60b2971
140,polymath-core,223724dc5cc05ace64bce69e96dcb41369bfa303
141,polymath-core,ac910cfb62f44869297ffdf313591a2ae124b5f9
142,polymath-core,61adbe7ff53db5d47b8ea2d49249f371defc7042
143,polymath-core,11c9fcd55619b498350152594bddad12a4153806
144,polymath-core,6030799e7c6703d5ed069011a07e188b545dab38
145,polymath-core,488823741eadfce6107fca3a2e7a2850c224fa1a
146,polymath-core,7414ef955fdd5af7d95336294648c666dada82db
147,polymath-core,52724587e168fbfc3203899c243dec068e5f5d3d
148,polymath-core,15ea93ede08a751124519e161b5b1449dc60e2fe
149,polymath-core,9d4470df6e1c508bd08728174544c0cbab3ca5fb
150,polymath-core,b9d9f580979a218511c870c80187fc4922817af9
151,polymath-core,e6d9d0db211ce6c80724e44802b105b9c828b5cc
152,polymath-core,972d4a861f77b64ff54654d978008c820e514b6d
153,polymath-core,fd03138277a6c12472f0af453d3936f53ce16905
154,polymath-core,200f331503d7462561b923c5056d791b44af54ed
155,polymath-core,6453d01f756ef38ad9d91ce872f32ca26a2a46ff
156,polymath-core,3664834511ff0206c162b6e6f55e8e6c01fadb8e
157,polymath-core,3570f49e3ab48581d7bf5d58eca4c3ec392d6a2c
158,polymath-core,f6942388ed75dbaa5653eba0094bf6f42e226e8c
159,polymath-core,6a1ad1152726f98fb16739de3d7b961c8d7a86b6
160,polymath-core,58c573351e015ff0d2712bd12c89b9d205964af7
161,polymath-core,80729e0b4dcaa0ad09f7ec887b9688b713539d2b
162,polymath-core,a0eb6f0557409db366281bdcd8ff71abd46b2ccb
163,polymath-core,3eb03ce89ec257a0bff16a3a29f7369db5ab7e8a
164,polymath-core,d332dad6569e71e28709c44e6f5d840ef7586914
165,polymath-core,4c11baae8d64ac3fbbbf4fa6cab64d44571f555a
166,polymath-core,064062a74a850909d4f4b04e7635befaaf786545
167,polymath-core,143267c52878461216384aa455f49fea30ef5c77
168,polymath-core,cf15a3354ab624e688986cc7e687feef47da84b1
169,polymath-core,58671ba0987f68358f2d53b5935aa3c8a89c3acd
170,polymath-core,90f2a451b391be18ed111c80bdd898b29132f135
171,polymath-core,5153238a16d56b1d4b9ab3b03036e1ba68569092
172,polymath-core,b5e9e8322cfc857142b09f210b40a55c33a076cf
173,polymath-core,42b25b922e678efadc5f7ef09c531e4b75459f47
174,polymath-core,d2373df48537f72f74a88e7080fcccdea7e9bbfc
175,polymath-core,917eeb6ac835c3c2c20ef206a40d04a31fd004ab
176,polymath-core,9d40af0dfec8f94e507c7a1608383ea5cf50a297
177,polymath-core,712f9e046923529d068e22dde53be1082cff43a1
178,polymath-core,fbb4d0cd87632b1c0e394fd5c98ab610c4bf1499
179,polymath-core,d8f1a95d386422e98c26f75bcfa0958d6e878a97
180,polymath-core,8f46a8219879947dff706c1bc2140ce0e9a4c866
181,polymath-core,c53c293f4b44f4301bea71cb8d5eaafc7cbdc976
182,polymath-core,8137b398a3b099009890391fadda3cb22c3d3590
183,polymath-core,e861d65546a79f9516a9024547793d9a98e00189
184,polymath-core,1db5b022deba67a34b242f46a151d2e97d6f546e
185,polymath-core,7c11f3743a16317cc55071292a5677d22ffb2c5d
186,polymath-core,716b9ff4ae04c33b84193654ac16c765f092e08f
187,polymath-core,96ded7c4da1593f1788ddee78b20cf8bf0b6ce48
188,polymath-core,88efb349b7bf0bb3c01a706bdb4d02e86a8493e2
189,polymath-core,e401fe2e7e34632e2db096a85fec95a7dff594a2
190,polymath-core,eac9444fdcdd4fe965c2db87164ebedb569d9e0a
191,polymath-core,045dad17875d2806c8c6b21e3eb0edb669b214e7
192,polymath-core,972f8082d3b9ded6eba92551f7e12420a99a5904
193,polymath-core,d1c74d8bdb25107eb35c60019bc4ebd33b2a12a9
194,polymath-core,6a0475a8167499eda3ee62e1d836f39bdc425987
195,polymath-core,5a833600b7881742a333a83e557427ceb7041557
196,polymath-core,7de937845788b7d4f571d69c17429ac955ad53d1
197,polymath-core,2d393e61b63dd31f9fc8c22e1dbe29a60e701e0f
198,polymath-core,0d1072cd7e8ea0cafa608c75c096665d535af2fa
199,polymath-core,1a8253a82b1c208ef0afb8ec90e32fb8e5dbf8d6
200,polymath-core,1876e5a0e5ae2f20d5dee3e11ee860afba8db856
201,polymath-core,26ef8e302539fdd1db398a012d70dfefbfe66602
202,polymath-core,f935ef84f9eaa677dd112a1727f364be8db59cdf
203,polymath-core,65067d9d7f44651144fadb1eeb002d7a892a13fa
204,polymath-core,a1368cff04ad63513dd977bc3103650a76fa21a6
205,polymath-core,319daef17cba86a2c61ca9f9065888c4fad2bd86
206,polymath-core,99b678310f979e21f42f091a9c36029bd73bccaa
207,polymath-core,2f57a950adbd36cbebf9e24504210a992a77aa11
208,polymath-core,1cd234d29c8035446d9ec3650400a1a451d3d25c
209,polymath-core,8095cef57fc7842fc3a27dd6f05a083aa15a64c8
210,polymath-core,6447a33653017087c032353d51baf1a362c4d988
211,polymath-core,722700a0dc15add62cffe19ee9d3dc4f48d4a248
212,polymath-core,30b2fed06b03c493280b6859892346ec749a4613
213,polymath-core,34f16ae9c5acdfbf4de65f36e2c179f061e802c4
214,polymath-core,aa5fbd78eaa962923d47f7a9148c36f195a86574
215,polymath-core,a6e4dbeb27470ebe92e22c002ef2caa5e802d04d
216,polymath-core,c828c86038110a93a08736ceeb9e851c1f691218
217,polymath-core,4b84333ef068c1edbe8799155bc251a44ee00678
218,polymath-core,8330d4695f710579014679b3c60e4c82fbd46aa7
219,polymath-core,3bd3b00cf8465d26e548ae833f2b1e601432c127
220,polymath-core,c1496efd3d0dc1bea055f234fc8039d6df8d0e86
221,polymath-core,0ba7ff8d2826a5cb5526f7577751c9ff6dfa6b4f
222,polymath-core,f0ff32dc8dad86ae8a4c2bd0e5b8836b6808d982
223,polymath-core,ed679a897b3e346cf97330a5c2b84e9c9da3225b
224,polymath-core,171be9622718b390c36ac359ec63d018cc11c33f
225,polymath-core,2406fab1bfe3ea72014b5024c7cf44a797f10cc1
226,polymath-core,25301c3ddf3e41fbdce5ac6c0edee0e671804390
227,polymath-core,dd66c82a7179de7e034ce914d4a0d9b9a8b28786
228,polymath-core,57723e5c2426cac826b0d649166c7a67a02b56ac
229,polymath-core,33657ea954705f8570593d9e34906c80c5a2db99
230,polymath-core,0b12cc9a4a46b6e8c836f5cd5f5641bff0126a69
231,polymath-core,95cff5ec586fd19e13794388aea46c52f4488acf
232,polymath-core,e9aa6136fc547b7edfa8c5119412091ad565fb59
233,polymath-core,5610eb0f6085b4e1c1ee14a42b8c0d3cd2059ae8
234,polymath-core,33088eee7091c18ef65f5759c2d8e0883d61de52
235,polymath-core,ba0035ee77af99c1f0d5fa49db41053ba7eec544
236,polymath-core,fe7df04c8c5a62423bfe4bc4570e5421fe2edee4
237,polymath-core,e5698b17e755ecf0e7f25e68a6098af8a7b60bb2
238,polymath-core,415b26262c5cbf71818caf2aa113d5c7cda84b21
239,polymath-core,ea928a63802a5bc64b57327027b4f5e53322cfa2
240,polymath-core,7735bd44a6a21ed579e6ecfbb4c1ae7c8b93bc2d
241,polymath-core,4f805a4417611efb10a75874f5f26e050631577f
242,polymath-core,c05c902e8da26e71131a0fbc73f135d6153b12ce
243,polymath-core,43787a355ab4ef0ed2b4edc2dc93e77d9d6d286e
244,polymath-core,67f5865bc35dea1229aebf058c411e3d133f0cae
245,polymath-core,5b5cc1aeb4f231434843be3726733916c3afdf4c
246,polymath-core,d913d0037ff5b698cf3c8a05d12022ce98a9d0f3
247,polymath-core,8537cedd3542337bff6762fc1481c7fcb121cd22
248,polymath-core,a99a876487f5c15cb3983146dd4749a42e4a1833
249,polymath-core,f87ff243d078b952d31ae3b32b4aa99efe3a8964
250,polymath-core,3de7f4fa1072b94cc0d28eda1de09a84606517b0
251,polymath-core,a9cd8f1594a8aeee6063edb1d2655cda2928db6b
252,polymath-core,9c086f8ee54a8f5b277b09d21673bd30fb3c2bab
253,polymath-core,e3ac0f6abd3e9405ccbe33d6b1ded710d7944c9f
254,polymath-core,c07b8c99cbc46d4bbd5493e4d81907d8c02f9510
255,polymath-core,18bcf8d64795bbdf9e1490c69165c7301f20ad9b
256,polymath-core,ce36b7fc90e9319875d24abad32ae5f5178f47d0
257,polymath-core,d1c64f1c91fed04c82a7281bf52580e6eac9ff9a
258,polymath-core,f2a81bb9f7d31a26ed72080185dd56503ccb3ed7
259,polymath-core,fe6614b679ddc4d9d0a8571dc7f236cbe1b3f318
260,polymath-core,b7560e8d993a8a5dd9683b6d8cb66295cefada5b
261,polymath-core,451dc7c7e0dd28efc6a739a72d1049c0ede4cb1f
262,polymath-core,fab27ed39c83debf79b4d170ef9599c92cdad70c
263,polymath-core,6aafcd01135a55d67bdd629b3942133be1cc3808
264,polymath-core,90464a5cd9fcd6cdf8fbebf893311da7b71f97dc
265,polymath-core,d00115c17ce5d4bd4e93a28c25c54e9c921b44ce
266,polymath-core,b539db57e21280ad142e7ce24fa6e613317e0618
267,polymath-core,c9a7273fbdab494e8196773524eabd9f7227c48e
268,polymath-core,872c92244af702bafb8d46feb23b4fe82a15cb18
269,polymath-core,e04cd395eb596ec56e55e6234406073ab0243349
270,polymath-core,7121d5539f9b2f9971857e9da17dcf0b19ff10f2
271,polymath-core,137ab0025daef70ca90aff3096841ff7d137da51
272,polymath-core,de6490d4dd867861971263aefdc1d77cd6caf85f
273,polymath-core,bb3ff34fc57c348738f70b90950bbcbd65b13c3d
274,polymath-core,cab838f7f127e902d63039e4721971caa785bc7e
275,polymath-core,43310012802697532c8094589143ba510493d347
276,polymath-core,839603498469ca2f5211b8f93e1b17c936a01713
277,polymath-core,f5f8510b1112ab18aa4e92e24de067349f696f7e
278,polymath-core,fc72b7b15525c61a9b6985658078f79259c2d672
279,polymath-core,d88f5c0ff57eba881538aa888287bd691f3c4932
280,polymath-core,b2b830524147a6159e1045321eea647d59404422
281,polymath-core,36daf5bb88dfe40d6ad504be44c6579dc63cab85
