,repo,commit
0,pooltogether-pool-contracts,3efe76182b53c44fa16ab8f8ebee580316045528
1,pooltogether-pool-contracts,c149ff1f7058776f41eb2507a0c2861b8411b049
2,pooltogether-pool-contracts,65f81f80fea39676be3183a7064854ab71cfa2d0
3,pooltogether-pool-contracts,f97db989d420742ded2913814011082f2517431f
4,pooltogether-pool-contracts,460d996ed657060cafb03b5be0d017d31cf7b574
5,pooltogether-pool-contracts,e51e59898c68298d3e37c5b314aa810ccd3a6035
6,pooltogether-pool-contracts,8ab5bec880661a39a798b89298e4a017c343e9a1
7,pooltogether-pool-contracts,9e5a5ed828f1e69c07d80fbe363e9970dd1bcbc4
8,pooltogether-pool-contracts,e0319fdbd7490b17f7b707ee3ecb2737097088c3
9,pooltogether-pool-contracts,ba34ddfb7670c04d5c108e6ce485343b46b27a1e
10,pooltogether-pool-contracts,84edae91fa61052fa5ed39cc2508a8b38acc58c7
11,pooltogether-pool-contracts,786fdbf8411a107da33c085fc40cc1ffae0a9c90
12,pooltogether-pool-contracts,989b6088160406b653aa7f9b03063cad61fde4f2
13,pooltogether-pool-contracts,0b88d12713d335ff2befd4b84b9de81f9c72da90
14,pooltogether-pool-contracts,02e9f3066bd3ee99b049615ed484da65b3723b6b
15,pooltogether-pool-contracts,46d4f304c5971d9f31c70bbdddfe2726fe3d6d18
16,pooltogether-pool-contracts,956b9e9dfd41dacd4040c08b5061354cc11897fc
17,pooltogether-pool-contracts,c49421ff564c745690ffc88684f4dba3d6965e78
18,pooltogether-pool-contracts,0bd9c6e2a8d7c70b48f0f6eda225d1c85c99d29b
19,pooltogether-pool-contracts,7a51208a050b31428e049ea7ec4e7b81711bc75f
20,pooltogether-pool-contracts,3024a18176942f22fc56c8ae75930ac35d6d7acd
21,pooltogether-pool-contracts,183723995fc5d73fb7d94982eb0d51aeafeb55a6
22,pooltogether-pool-contracts,753edb1bb52df778df301097cbf7fe92b199509c
23,pooltogether-pool-contracts,e632d29dc98036e3c6136f6521a4214ebf2faf1c
24,pooltogether-pool-contracts,064d448206ca4d5cb5ad3fd72a63c493e9e8d110
25,pooltogether-pool-contracts,671a88ac101d7e4e5b311c4292ecbb341242c9a8
26,pooltogether-pool-contracts,c91884c44af4b3521cf421ab99ef0a040c18c46e
27,pooltogether-pool-contracts,435b2e7d686f926d3fcc033fd48b9603cbab4313
28,pooltogether-pool-contracts,5a9381340a7cef139c77e44c5ad5c2a5d6e12e36
29,pooltogether-pool-contracts,42d5757f78124a77648ce970c105dd13b7d98f48
30,pooltogether-pool-contracts,c755df58d99018e77b1f4773f033f9dd875216eb
31,pooltogether-pool-contracts,597f877e617aa8f64efa226120fc2d5f656dbc88
32,pooltogether-pool-contracts,1ced8c548d0f92279b04894aacbdacac994b10f0
33,pooltogether-pool-contracts,aa748e2eece255f875b78e856b988271e9f31b58
34,pooltogether-pool-contracts,4d206f74e21e1471d4089fd5a583653be0c2ddbd
35,pooltogether-pool-contracts,39e8496ff7e5301c0cf16386815485d2433acd7e
36,pooltogether-pool-contracts,8e3aed180eae2ef4870e299a7540261ca9ffb778
37,pooltogether-pool-contracts,0528152d0925950cab3b14841ca06a5dffac68e3
38,pooltogether-pool-contracts,588fb255a3741bb4b4ef7add5824f5fb7801ce2d
39,pooltogether-pool-contracts,2442646458e4547e978cc7b6436c8374c7ac028c
40,pooltogether-pool-contracts,f0aeca66c0b796f5817c821c78c5e04b4f88c8f5
41,pooltogether-pool-contracts,c5af97f11d45a68098663645f8cf51768e61ecc4
42,pooltogether-pool-contracts,871c90b7de002c0dfda64149e30fdf35ba24d218
43,pooltogether-pool-contracts,82ce8785529d9e3b8906fdd832e7fdb0ddb0599c
44,pooltogether-pool-contracts,0bd27eed52357f9f7b342d0acd413aea0e3d80ba
45,pooltogether-pool-contracts,cbb65c919b71cdaa9138d7e256516aef9c9759a8
46,pooltogether-pool-contracts,91ea1c68824507dc90fe7ea48a792b8756a722f6
47,pooltogether-pool-contracts,1113acbce0e1651ac253fcc3adb24d13532956a5
48,pooltogether-pool-contracts,d8a5620db535628c72c22031b76fb94f828cbedc
49,pooltogether-pool-contracts,0e1c86fd12c2e750e529ee6c68034f8827a0f6ad
50,pooltogether-pool-contracts,d13fb9221f00680dff9c60e7cf5df224293f81ea
51,pooltogether-pool-contracts,0fabeb351d1b48b640adf83c422191e080f3a9ef
52,pooltogether-pool-contracts,d1ddb796139dfea3b4f51aa3fd1931644cf326cb
53,pooltogether-pool-contracts,95046d60f135e26360b9790349151a9625d6599e
54,pooltogether-pool-contracts,64f5f3dfb31a8ac82ed8c333a6f7d9c842b053c2
55,pooltogether-pool-contracts,85c2a3141131ca695e0feab47d54cbec7fbd8940
56,pooltogether-pool-contracts,dabd89f5f23a74dd0e2bf0769931c053e9ae7aa9
57,pooltogether-pool-contracts,0cc8e91e60a91e5a4eca7c53be79dff459c79e1b
58,pooltogether-pool-contracts,2afc9fceb0dce8600e3ad24f409446c2c532827d
59,pooltogether-pool-contracts,0255b953a964e41902198e428bd429ce48b117ac
60,pooltogether-pool-contracts,04b466f8dc1d56b71ec5fadb9c40bea47e228e25
61,pooltogether-pool-contracts,84afffa1eb338d6c778df2b4f0db1078a57599b0
62,pooltogether-pool-contracts,08a357d9301d5d46cb43003ec039414f8eb08b8d
63,pooltogether-pool-contracts,7aa42f8fa368963ca428e6d415e5e69737b68461
64,pooltogether-pool-contracts,11bc66b551c79fe282d6353e85b41bfda7f61e84
65,pooltogether-pool-contracts,c066648dc2cddca0341e009222fe860de40bce2f
66,pooltogether-pool-contracts,35cbd7dbf305bfd6684ee2629bfe7d20db92cba6
67,pooltogether-pool-contracts,126b701c6b8938e5bf7f1333618501b3aa1c2670
68,pooltogether-pool-contracts,a97bbbb8f5bbf17ca4b53d705ab7e3468e07b496
69,pooltogether-pool-contracts,9ba1567cdcc78e320d6fcb8876f3a81671fb0d20
70,pooltogether-pool-contracts,e19f3ca4e288128c36f3c92b8ee610433ff5836a
71,pooltogether-pool-contracts,b52c131dfe64e1c92e5d113bd21e27761824eabe
72,pooltogether-pool-contracts,9576a0fb9240518b97abad8066b841c1e07afbf4
73,pooltogether-pool-contracts,504b04cd7e3213e30c8de5165be8966f5dde0e6e
74,pooltogether-pool-contracts,881bf2659f0456c35dd55d163d93dab1ed7a6a34
75,pooltogether-pool-contracts,5fa440d87c118c764b1bb4d751251d87169a0563
76,pooltogether-pool-contracts,7cc646e31ee7449ec4d178a4b4810262820b22db
77,pooltogether-pool-contracts,b44cb71e1063e1cf717188bd97b7704b3eacc7c2
78,pooltogether-pool-contracts,bbd0e9a1854d16b81911344feb7496f14bc241f4
79,pooltogether-pool-contracts,be82058c3a2fd13f86bd2f9712dd555831c5c4f2
80,pooltogether-pool-contracts,8c5dfbae43852fa8661ca296e2b1ee8cac175719
81,pooltogether-pool-contracts,896184c1b7d46900182fe1ff424490b6f56da930
82,pooltogether-pool-contracts,be7a7834cfe0bd85daca9575523a7613149dac4c
83,pooltogether-pool-contracts,d93f164f2b68b0a9688d09d7a6a5584713e3b145
84,pooltogether-pool-contracts,28ab3f7e0154a878a7ca9751178dc59cf7b1b28c
85,pooltogether-pool-contracts,9b46bbf95fa70ddb5ceb2ae96ecbbd024b56c6ee
86,pooltogether-pool-contracts,43d23789653a01651d3da8d9dfdb5b4f6bfc5acd
87,pooltogether-pool-contracts,8e24fda86052eed58617c514371deeab5ada71ed
88,pooltogether-pool-contracts,4a84734988655f2bc92b66da5986a5ceb23f9e54
89,pooltogether-pool-contracts,fd64a28e2bcd0c1ec1580238703c2787bb90c6de
