,repo,commit
0,pos-portal,ed64684f89b70c6a2123ae8183f052a0e35b5ce1
1,pos-portal,61211d94201a9319039e7bfc94686e37fb989f50
2,pos-portal,1a79d782f6ab21b4440ef71cd2ec71ed860af409
3,pos-portal,1da2b6ee70ecb17291f97e8c015b76d33f36b2c4
4,pos-portal,f82752ca276959f4e4e24878dc1a59bddf7c7df8
5,pos-portal,bd04aad3fcba427aad9bf4eb3f8b8ad9633859bb
6,pos-portal,fb4c154f030c3c1a09d303cc396fb735bde65251
7,pos-portal,d3b6e6ce863a716dfc08dbfe31b5db593bc82ddd
8,pos-portal,3388ea335a3a0ba9fffa64418c15231c1434d1b4
9,pos-portal,3c85192397003a90a81e7667085e320ddfe06abb
10,pos-portal,7f005194032d4460a05afb20b8250eae17c84749
11,pos-portal,0d370e473b9894db243bcc53cadf5e99a5b35b72
12,pos-portal,6840a47464aa93759e34ed8ec00fc9d594798f05
13,pos-portal,994dfb1ba2e314a24c348a8c0d87f453e8587628
14,pos-portal,88ed701228f5422362f4df219a1eb845f308ea09
15,pos-portal,f416014965df59ed4fd7631b3b9112575c799315
16,pos-portal,18ce0784a760d430e6fab4206c47babbd90f92e8
17,pos-portal,364c9119c53ab3fef33a8de177915611f5614da8
18,pos-portal,b02708b909b75e0be6e4e62fb7f9ef8200fd1263
19,pos-portal,b1dfc43521996f1bc74003d6f23ce174bb74d6ec
20,pos-portal,694608d02514a02fae972b9d2f8a0bce33e0acb5
21,pos-portal,eccba08902448a656e73fb40a0920cfc0244aceb
22,pos-portal,474d72882eda79bcde85d94fc2895299217c82a8
23,pos-portal,1233ba745827207a12b70d5dca6fde61f66c04f7
24,pos-portal,db699a7dcb24a12133989c7c8b67cc8702c89fe8
25,pos-portal,995286dab2761758d55fe010dc1bb82881984a70
26,pos-portal,df0dc74a87c38ed044c86bed3c20697521b166d5
27,pos-portal,c1dd6ce7b55aa697f5b5f14883adc585e21a93c2
28,pos-portal,9c684fcecbd3115ca2e87e22956347b0a3a4e4c2
29,pos-portal,746541852e43f161b34be1ddb453d7bdcde9f7e1
30,pos-portal,f910cf6f1e4b4e8e3afc76078bb4843447acf209
31,pos-portal,c646110d609c27616b2b0cf4b1c53c9196dd6d89
32,pos-portal,83fd4965f071338fd22c8681cd160006c636e134
33,pos-portal,d9859edf2bcf1fe2d8132ed656aae6c61dd1095d
34,pos-portal,70d6b8cdbc551cd60a79946f99b6c6a7bd0d6e5b
35,pos-portal,1025d5325c721fa88429fc91011c999d8fa8e3ea
36,pos-portal,bb401a97358ccf5ba85f7f404b77bc0dfa31a48d
37,pos-portal,21008487921d3646554af8a9df3b1e02061c85a7
38,pos-portal,f36cee7aa1b18976c89c5321e708931e36953738
39,pos-portal,4d17c8aeb4d18d0fd04bd9e15c029b0fd622f2d8
40,pos-portal,d224e6a3526c9003ed60f51283e62859bb5a8220
41,pos-portal,68ac95c156434acb609948f247da97ea70c58487
42,pos-portal,20a70498751d22f8ac3951b8062b0a919ab8c26d
43,pos-portal,1ff014ca2f64fe173a883d035179a62425a34151
44,pos-portal,d77dd2069167cb4c698fb2be99e95ffb60b138ec
45,pos-portal,14897877a406abcfee6f20ad2a08be393df602e6
46,pos-portal,5dd7a4977ae6073ac8f11f06b94c23bccf8a4cc4
47,pos-portal,3ab56e062c72546578dd5bb8f54eaaf27bad15d0
48,pos-portal,51eca0f18cd2d607ed31eab260940f8f01744255
49,pos-portal,4dfb75d392a4c5d3fdced9a6d403591b0b87a1a8
50,pos-portal,1ef8a3ee8e2d512ec9231e74685fb317ceb3e7b0
51,pos-portal,c5eb73005314957e49c08427398bc9f4cfae6517
52,pos-portal,9b10d10d74c408a876d64486c0d5db0e29c88ada
53,pos-portal,ee4f27975949e7528d94d1230c885bb9635587e5
54,pos-portal,329c86c5da0711e3aa38a7e7d48dcf20640ba271
55,pos-portal,5647bcd9ad538d2feac08bafd7cc60d40e1201b5
56,pos-portal,0eb114be4c82a8c50f5485787ca56f5eebf73a2c
57,pos-portal,d9149af66b7566b0eecc347c93041dbd56b75b39
58,pos-portal,d58cdea198a81d51918c1554ca43dcb6a6942e3e
59,pos-portal,6f2fa27237597620f725b6b01df0b05fa4c795a4
60,pos-portal,74c0d72b277f52228712bef53807fd0bc0c44d01
61,pos-portal,42c2ac80c8d34f49eeaf7b057d06063b501056f7
62,pos-portal,051ab0fadab955ab830f9813ad08231d623bc735
63,pos-portal,6e241fc6c0d4a7edbd821d54ec7cf15ba63ab79f
