,repo,commit
0,Proof-Of-Humanity,17905bfeabbd2253c4ed36d72863105f59d4b9ea
1,Proof-Of-Humanity,269f4b449fd37dfd0e0f88bacef48dd989513cf6
2,Proof-Of-Humanity,c44c62eb8db45e4d95f6b07db375f68a60b94bd3
3,Proof-Of-Humanity,44e9d1622638ee916568b993671cc0efed7fd070
4,Proof-Of-Humanity,23dd441cd55cb66f6c47d5bfde8390746c172340
5,Proof-Of-Humanity,2e44c879004a3217b2850fe2b5f46b4625403aa0
6,Proof-Of-Humanity,d672b2eeeb58eb3acbd75130fe27626be1fc83c6
7,Proof-Of-Humanity,34722e2fbc7090e72253731c7acbabaf60e5f07c
8,Proof-Of-Humanity,c2be5cfc6259fbee65ecb9c7b69c5c12f4684801
9,Proof-Of-Humanity,7702108397c1785bfd0affe3498bc0fd990be04c
10,Proof-Of-Humanity,e382009080c1f86b24d9d44d90e3c88fc0c1095d
11,Proof-Of-Humanity,e15744575a45266586f7c539e037579ada82c7cd
12,Proof-Of-Humanity,3e48339759410e7d4292b9e90f85bf23d75468c4
13,Proof-Of-Humanity,f3cfd6be84b8d25705a2dea0ecc075008d0ab057
14,Proof-Of-Humanity,3febcdb22e26e8c9480d0bc78f2f4f61e956e895
15,Proof-Of-Humanity,ae3e31e50b7b5808ac2ee6426d8741722dfc0527
16,Proof-Of-Humanity,8aa69f9ffb382b8c708337c8d1d654f484789fe9
17,Proof-Of-Humanity,f321ff48e4a69278b76d4335bda6010f44adffee
18,Proof-Of-Humanity,7e5457da3be4da42826b8556b4c6b5f86c4f60c2
19,Proof-Of-Humanity,2d746015a66eb7d7a24fce211e6079668dc6de90
20,Proof-Of-Humanity,414ae3dd91c4ca727a3ea92e78f0e5f3668cf46f
21,Proof-Of-Humanity,e2386f08a3911b6c98e2caa08d96e54840708fa8
22,Proof-Of-Humanity,24e6dcdfc4d810191b8a24c7f4e1c800f95cdac1
23,Proof-Of-Humanity,a1b51741c3e666eacf57afec8d9b6bcdc3889ad9
24,Proof-Of-Humanity,57fb22ce73925d764683f7a2077063eae506bd9c
25,Proof-Of-Humanity,59c3db0a35079c80e0ba4752d3fe44c308fc3bae
26,Proof-Of-Humanity,dc691e80226a6d8be212eba1a3c32a15bc5a51e0
