,repo,commit
0,protocol-contracts,ec4a7098e26f141d4dba6a1b392a027eb7f4e09a
1,protocol-contracts,98b744f31bd209903bcc697bdf7b6f5332a7ca76
2,protocol-contracts,1bd1cae66eccf03c11343436a8ccae01b0fc8b3c
3,protocol-contracts,2b8a53f80dc3736b929b55b6f4bb0fb4d1b36ddd
4,protocol-contracts,46630360107d99c63bbaee92197aaac2288d0639
5,protocol-contracts,07204b4acb898d38dc786778571b12ea837aef65
6,protocol-contracts,3c6f76ed9eb0a0d0450642630b46a2ce8ce14bea
7,protocol-contracts,f71cf01debab7c35973d7402538b7fcc3b36384d
8,protocol-contracts,c0ac431f4b71a1cbd072b5bce1e347dc36e65ef9
9,protocol-contracts,51fa04ccebf12a92ca12805fc28885daac4d8abd
10,protocol-contracts,7e688fb29c09c29148766ca3e63e92e3f11289cf
11,protocol-contracts,6b35ec98df3bbc2d1c4e9381cbc8cc23c34d1ade
12,protocol-contracts,094e94dabbd2f9a262d815541d0d7ebdcb1d273b
13,protocol-contracts,1f37d31f169bd310f0c95cdcb3614401ad7eafca
14,protocol-contracts,b2da76c61cd7030a296ecc5db01b8f552d0cea07
15,protocol-contracts,9c18927ad05776e5a8cc07fa0a2e70b6cf9cac53
16,protocol-contracts,735f509773030481152d140fcd5f66c2cc303157
17,protocol-contracts,456b73ca632e7c6f19a33b02b2dda8a115ceaea1
18,protocol-contracts,a300cc666c3b89405da8fc227a860f11f29b13ef
19,protocol-contracts,afdcfe6886f37e7db4b2405e1088ea7dfddd2e04
20,protocol-contracts,a72b04db523757dc990c3394ac51a75e6754fece
21,protocol-contracts,831de97996ca7f8ae6244ad3ed5551b395f29405
22,protocol-contracts,61b9abb5caa1408d7d270c8b55ff3bba2b6e374a
23,protocol-contracts,fd35aaebdde3cd1779afd1b79ab5140435816ca6
24,protocol-contracts,b6370c410b76897f9e629c57a3c6dcd0dbee7bb7
25,protocol-contracts,e993c296f9b4deb8c7e394560b50b522a86895c2
26,protocol-contracts,91f9159baa6e324bab86118cf7db942762adccb6
27,protocol-contracts,4150f7824af9ff51b6e60290b616582f07860e61
28,protocol-contracts,c23a0c4bd51e466962b95e392b1208002f3e8e51
29,protocol-contracts,37f28e89c9e4e4ae493a197e56eb614db78d9011
30,protocol-contracts,bf095fc6ab9344e985392361b7696ad4c9cadb40
31,protocol-contracts,1f35f16f444fcf526cca6022b8e90d6601b6bcb1
32,protocol-contracts,43f6a7a76e6f219d4537901306fbdef98cac165e
33,protocol-contracts,47da83ee249d32b577e997ba90959a62f7fac140
34,protocol-contracts,c44267b77f51824da43fd0b17330e1ef48d2acdc
35,protocol-contracts,acc31f32498f1f84cd7319c78d4305a063f93fc9
36,protocol-contracts,42b6f32e69e6f43e2da290bc8e33d39c6d4280b2
37,protocol-contracts,5d11fd8a47d0e7c66bd0e841289761e1648acbae
38,protocol-contracts,8cf3f9e11507d6fa1eb72dda2557e31a3dc5a73f
39,protocol-contracts,cbbb202e659160d1137d92b237fd2e740e01029a
40,protocol-contracts,35819ba4497d8f23b6d5f43810dc42f5b2e62be0
41,protocol-contracts,b6f87d8cb410e3d1bba1eb0f651879cda1d499cc
42,protocol-contracts,6af4248c1949e69c104f5d28c72b8d7e61b4986c
43,protocol-contracts,a4eb545dce155a8082dc376e5715a4c9d94ee1e5
44,protocol-contracts,7790a896c565accbcc25a980dbcbc0ef623b4668
45,protocol-contracts,40e73503a3bdc86077398e7bf6be9136704df7cd
46,protocol-contracts,b5af362e60b0040eea10b8cc6aa374019fe368a3
47,protocol-contracts,70a9767a8272e0a716c515cdd61ce09e8b0fca2f
48,protocol-contracts,4c35380757f9c6710ccf2b3b565f9cf90abaece0
49,protocol-contracts,889502780c7783d63ba8f669e68734ed5ab24bb3
50,protocol-contracts,1cccdd62a5105bcc5613ced54038e034cc067a0b
51,protocol-contracts,f9eecb32b296fba6ddb13e2de503ee3800f06dd9
52,protocol-contracts,9aff0513e4b2ad7d80a9a7bb4b0a2737149046f6
53,protocol-contracts,552b944ec8ba8f0389939c4bb38b94b3cea323f5
54,protocol-contracts,99afef9b9f17d3a9b6e93691b60533b4ae635c43
55,protocol-contracts,b3ee654b41691070cdc797792d3f10dc3a508dc2
56,protocol-contracts,21f158c430af330ba283593bbf6f6545bb863f6f
57,protocol-contracts,7b80f77163fde06bcfba435d800c9e71bda53561
58,protocol-contracts,fc8a7f1c146006f907c45d0d69a7bb55c8a28e60
59,protocol-contracts,88999fee82a3f38b8fa4eaa05858d098ad724660
60,protocol-contracts,019b35de7ad3e769ca5c1cf6df991f463754c63c
61,protocol-contracts,77a176ee8d20168afa93328af15eb71febbe38ce
62,protocol-contracts,c186b40cd5c256e453029859d7a42b5902ba735a
63,protocol-contracts,59e0f0a0cde1f9a38191ca481ea89abd8ef10985
64,protocol-contracts,655eaee0ec4039c159fbc053dab3e0ccda086d94
65,protocol-contracts,bb8363522457fddaf455b014a9b167856f02f2ef
66,protocol-contracts,f18035fdeeb5c210700ed9fc7a193598d3fb9f8d
67,protocol-contracts,2d2033966fb484e7559fee757cbd3965f60aa467
68,protocol-contracts,11ccdd6d9ef32ed5e750444dd5365ed3195da853
69,protocol-contracts,e9e439062ee1d059d8f3f34aeebd50768cfba8a7
70,protocol-contracts,43330747342791a2020cc778efb32683df78090d
71,protocol-contracts,d79700dbcc39dd90c7b5fb0f936942126e3d9226
72,protocol-contracts,7bf7538726b33bf193dbc907061cc635210ddbb1
73,protocol-contracts,4742da974f1669e4e3bd2e74a778760cfbf12e03
74,protocol-contracts,51c62bc7d8d3c63381e6e087084ae8587a240cc2
75,protocol-contracts,67aa5e50398b48157767e9885094209d72f13235
76,protocol-contracts,1969d32057213181caf6e2daebc1570382d29c0f
77,protocol-contracts,81395d0384ec4bb82fd8620e32ca4bbe061504e9
78,protocol-contracts,e6c8e8dc8ce1c9d84d3ac273833e4bf940c89d55
79,protocol-contracts,44bb0a1d6a1979b1248531435a22842b102e72ad
80,protocol-contracts,e2b6d876bfd9b0a28b528088fcf19510b61a8fb2
81,protocol-contracts,e73a79d8e1712b91b5f97a5a4b3ec6eb80475918
82,protocol-contracts,8178a3b010c15cfee7289d0c341eaa5e9fc70eaa
83,protocol-contracts,5ab5f35c48def2aac624d1822ddcd66d1ba78e18
84,protocol-contracts,a54b22fff3d0fb2c42346f92c9bc9c140f90fb55
85,protocol-contracts,08b6adffcec8fcd9616bb3deb5d48fb2d13b2006
86,protocol-contracts,637a1540bfdf98c5849f8dabd1394b0f1092d296
87,protocol-contracts,64db0c5dd077008032e34f0c72ce4e92e329a1f5
88,protocol-contracts,15548349e1525ffe1eefc9aafafb1a6db93cab2b
89,protocol-contracts,1464ce0705a58f4bd53988d838005484dfd0e339
90,protocol-contracts,3b858419a792cd613568bb7fe1928f163c900903
91,protocol-contracts,27d2b22553285da55dfd427dec58e690a37d078a
92,protocol-contracts,85012606d14a0fee41cddcd5b800d92513791dcd
