,repo,commit
0,protocol,002fd6f99c803acf2f3b19258bc61e58c640b244
1,protocol,7a31bd27fea4daf5c4af67d379711c4069759631
2,protocol,f6a03c49ccf38b1e7ed5363b441bc792fc8c827a
3,protocol,244b01ad323a7d0796ae2eda3b7b455a361dd376
4,protocol,c018b89ec638014de21d889aac0019e8e4ed64ab
5,protocol,4687e12339c58f81e3fd7f354fa4bf8e2d2d68de
6,protocol,7eb9089a0b7940f508ffe8d6715610be08e0f74e
7,protocol,d7c5d8af5fd23e2df1feb9965789086a6be26638
8,protocol,bd548193e0306655a25c05da94333e122dfd5b0d
9,protocol,b2fd1fb09a20f6d6e2a3bc6d56be06d4a0717825
10,protocol,0b6f419635cf899044d57b877e226aea259c7284
11,protocol,47ce957ce78e7dc8078084948d26ef36cba12074
12,protocol,db8a4a0fbfa5ee755413fa2ba088a328f50ebce3
13,protocol,e7d10e89367a007f21df844e5a7af63b2ca55184
14,protocol,e3aaf46605e315dbff85874d5599b92c9cca9732
15,protocol,0a50b64bfd5f83211ffdd76f13aeda5ca55bf926
16,protocol,8d39726ba1c1f38a62d32bee5016fe76133a86aa
17,protocol,41b6bfaab0ec14ff961eda02aeca2c56a520191e
18,protocol,2aa37a5b387f5746c8e39210a3e10528805c2f17
19,protocol,f23a8e969ec089d6ba23cfb77f648c43e0c0ff79
20,protocol,b04a6e42b7fb5ae2f0ab82160e42d7cf2700bfc5
21,protocol,91a10bdb2287b0c0700717a098107c95d927506f
22,protocol,c8c88d06efe75e464b7cc5f79a8a8cb4981d9b7d
23,protocol,71f9db612fb8f8c6dcfa9d96bf43acbbae7aeafc
24,protocol,22e6d6bf60d674f593020dc501d20aba520c7f99
25,protocol,61cf7aecbe4769427739c0567f1ce517ed168e3c
26,protocol,10af216a191d41520fcdf078c3c330099b72198d
27,protocol,900664b6e5a2ad2365d4c1a09565fadfdf968f50
28,protocol,d8eb80dbb44b422c46186cce70f4eb14bf98eb07
29,protocol,513038bf366c0e570daef1fbee53663aad361fb8
30,protocol,a0201fd8e22b385b7b52b319d2845ddb3e24bc74
31,protocol,4a8ddbfc09ea76b6a49efe5edc7beed0525d3546
32,protocol,54901fc97ce03ab16b83530e8c934381ff9ee46f
33,protocol,fb0e49c6007e6fb11b92e2291755bd044672dc7f
34,protocol,c1416bfe2bb3b70a130920d01c56a03c2c11a223
35,protocol,502f97291b4c88b6b3b97ae3b90b485dd20905bf
36,protocol,010e7d6eb0894c2bfd39a9a79fe288c9c1fb5a4a
37,protocol,2dda95d5689ac94cc16436816f24d09c9f3ad0ae
38,protocol,afafe9e8ba28a90a68fe4c74473baa0642ee3de5
39,protocol,accb9f254645de1cc762503013d8435535070fdd
40,protocol,0abf99a40bd13155529b7aea3aa12bac53685672
41,protocol,d0945752e09a4eebdd7de2ab47a36aeb5639c63b
42,protocol,20d838b78bd8a5ff87c7f6e301a19bed8298be2e
43,protocol,257b652e706f7a45867190f52770637a914e8504
44,protocol,a82d1a0ff430793abb7e6cbbb9c848e0e6deeec6
45,protocol,0e127661098c9c6d19638e8d47d5c4ea79583d6d
46,protocol,06300bbb00379934366069aa3cb301d6560e1537
47,protocol,60b9a550fe0803f1b64fb74f9e84894e1db2b548
48,protocol,4269f08b7f874bbc8575e93a561ba7fa0c947ba8
49,protocol,c4c594e5dc814642c3054b0b33559ee2c8c7e381
50,protocol,55ffd32c40f3bbab636779ac2d5c4922f608f04f
