,repo,commit
0,r-token,d75590ac0883d3e32d3e4d6b4c6d77e58a4332a9
1,r-token,847fc6bf984acd14f6a02147a9d2eeaa4686f97d
2,r-token,17cb5e89700f7e120619234d6a09d860c816e0bc
3,r-token,d6f31520b21ac42dc9844b0b1c6a5962f8c0714b
4,r-token,45db42c80b8fb04760cb1712c177addbd1656f7f
5,r-token,3f16a3a1867944484f74c644ad778070d5833134
6,r-token,f531304878d610fe1303c924de03ed7fe677aa80
7,r-token,e3a295e4072fcaed873b0c9d98e4d1e81b50a6c6
8,r-token,e0768b4b416963c53143d28e828e32a14f0e08a0
9,r-token,af3d1c3b6b5e6f5f4646513bad18069897c7b0ae
