,repo,commit
0,renex-sol,d18476294dd779fce858e785869978fe2862cd3e
1,renex-sol,17014e5b549fa0ab34a51f6d538d819924be5364
2,renex-sol,fd54d8217b4253f59e47cb000d18c5a0182bc76f
3,renex-sol,e12e08610472e352b4e9cdd1f20e535d724eeb12
4,renex-sol,06332873585ee0685f529a7250de0660256c034e
5,renex-sol,35dea454adabee62cb3a08f42c1c09d1a659ee50
6,renex-sol,1be171ffa6481cb5af8ec62f59a8683fa5e6b44b
7,renex-sol,653a38da5cfa1da7ed0cbac2f44973651822ad4b
8,renex-sol,05da42b8ddd8425db32722c9d43b916a7be4be40
9,renex-sol,2f43374a09123c793565cd6cb519e2c08226be9e
10,renex-sol,d7299a17743844a617df501a6783e9ebe7636480
11,renex-sol,bd2c80bb73c42fe61af945c05c56bf22ddd6c87e
12,renex-sol,d59e4ef38d2ddf20d1ebf55929afd2ef99b04277
13,renex-sol,14e0151b8a08f99b9faf487fc4b145f564842453
14,renex-sol,2d9b66dadd058546bd025f8c025143468d637264
15,renex-sol,15779ebdaedc6ffb030df4764cbbf342da052d5b
16,renex-sol,ad5b47d3aa0f05363515e46e61372f3a7ca89f20
