,repo,commit
0,status-network-token,b39718a16f243273cc2688f8cde38984fe96fffb
1,status-network-token,b1c753297314b4a80357f7b6945c3d3a240e76dd
2,status-network-token,c23292584f3cd75529cd58b2f65123912b870245
3,status-network-token,e4ef4f498ed3eab4e90eadd36650ad11ab44bdbc
4,status-network-token,4d17d12135de245c7f93c048457f3453847bbad5
5,status-network-token,e811e62d78077b7faba556744fe9095023310f66
6,status-network-token,c85c2295057412fc7eead802adea01a9fb98a156
7,status-network-token,fe50df9e802bad5616b5dc9ad870309728135b02
8,status-network-token,5a2c05ee65381f471e2b034a87446004e6ca8710
9,status-network-token,a9c788bb58125b00895f48ce3fd59b162fbe8070
10,status-network-token,4aabb389b85dea6265e067129a7a1ab31d262a8b
11,status-network-token,139c5c62914604eabfa8b4d98f13fb9cca2401d0
12,status-network-token,6a913f2584eb582c1375fd50e24623877d1897ad
13,status-network-token,e74f6dfaabd6b267288c9b7768e359d5eda3f464
14,status-network-token,d13eb11b1bb7225c847a98ace1bd7f18e42bd1b0
15,status-network-token,9f1cd93479848a1a23151f86d7d32d0bc5666cd1
16,status-network-token,1ea26c47d7dc72724cb8aa2ad6f17bdcddf1708c
17,status-network-token,f2775917ec513820e7474537b98d9b4ceebd7ee0
18,status-network-token,267d4e5fcc321187825f058e7cf8581dfe841110
19,status-network-token,84dcf68cb28d690a0f9d5a6acc5c464167478267
20,status-network-token,263187c3420e4fcbee450c1a73abbbeb1781eb06
21,status-network-token,b88d23730f3f8b16989f21fe4db6dd05bdb440c8
22,status-network-token,9ea8c2875266693596a5d552a2cd5772490a4f88
23,status-network-token,f5789fe84115a05e4f352d3a57320943676e75e3
24,status-network-token,46821a07af45e203fac85ed24ec62e6fa4c593c1
25,status-network-token,fd5a885727c31db7e991398a994650ea0762a900
26,status-network-token,b15f4359c75012b117e7c6b71a44f2eecca5e215
27,status-network-token,54975c24fd54507ca8505d4d8d26e71ff2c624a3
28,status-network-token,dea029466cb7a2b7f85202335da7ecb34b73e528
29,status-network-token,fff36b62f4e90dd67e8f55ad2c9cf02c4cc79730
30,status-network-token,cb93d544465973590391d0b07092bb6aeb5042c6
31,status-network-token,0b2ee6f45ca3fcf48acf629b61f479c81da0b6c1
32,status-network-token,3f0af81108c3ba5a3f710550a912ac787dc8cd2b
33,status-network-token,857ec613035754c60af85c6f6080377f25a75c54
34,status-network-token,91a10b6b7e03ae2fc8a2c7c290b6e3883198e4b6
35,status-network-token,591f33fb758400d9b62290a61a59215ea8896a97
36,status-network-token,3a7b72a50b26c249781ad9fcea01c6767c764da5
37,status-network-token,82002cfcc2591231509ecec63d85dfe28645a6bf
38,status-network-token,3c48c46b01453412f979f38d2e71e387ce2e00c9
39,status-network-token,126a6a1dbf3f952a90a54fa67ab3f8612a6fc261
40,status-network-token,4a760b1fef05eddfbb9df274f5cc58ba5e28b5ac
