,repo,commit
0,synthetix,159520421700e6423297ea071733f7ad3236dc63
1,synthetix,08874ec751450a0e9c27a5eae7fccf3a1ed0d90c
2,synthetix,bdc8427774c1e5f78bb5ab01901269959754aea7
3,synthetix,70ef93e3681b4fea4ac0dbd832485b576bdc1e43
4,synthetix,340671aa45e8e3bfe7651ed3618543f4871614a0
5,synthetix,d0b807ada02fcd7c6cacb4e108b53663b107d48b
6,synthetix,d122f2d4c73d54c7aa02d98f50c01ba7995a2987
7,synthetix,86a97e1da1a6b60b7f141b26d97025218d5e6a50
8,synthetix,a456b65edf04b624b2f0b9ae99a3431098810014
9,synthetix,119164e1624309606db3edd806c520cdd8937743
10,synthetix,5a6c6707655dfc03483e3ed8b5a886ee43feab2f
11,synthetix,bc37c9378cfd048dff0fbf64ac461db3fd59a304
12,synthetix,83191da45aa03ef73fcc9715d777516ecc7c952f
13,synthetix,3b03563c0808adf13227bf729df42d8b7869c55a
14,synthetix,1c34a5986ebbc97844a234e725fd2a47c4a188b1
15,synthetix,cfdd513a18e5a37eb5cfb5fdcf1ef092465996c1
16,synthetix,759886c8ad9d2ac6df072da51a26d395f0739735
17,synthetix,a939820feb69185f949b1615f96dffea458f486c
18,synthetix,3281166c496124707e2adab621e436e2118ce220
19,synthetix,95d73f7b74483e72fffe1f8ee90f037a2f7b8773
20,synthetix,8222f0c422eeb976d2acd7441d0b663899ecde67
21,synthetix,42505da57fb6d18f0b2e36799c32bb184f65bbbe
22,synthetix,ee3895809af569fecb2852438dfadd98b18ba2ba
23,synthetix,0ac00cfdeeedaf048e23718afaae8cee8978b7c4
24,synthetix,f99aa937d7849368ddd5e06fb213fa7e18e88137
25,synthetix,bbd7b270c40f3c077e65465ee98df4346ead26a0
26,synthetix,48ad82cc4c022a157b3ecd8f1157d2ebd397ba3d
27,synthetix,e53e59ccfc9fed433f3877c6091788c751901988
28,synthetix,d33265f15cff05eeab06ab4947da6960c834da0d
29,synthetix,79f0a8c5663ab1c7398404fd9863a7b165d9e50b
30,synthetix,a8c9a9f89a999472ba2cadf109e85c8e02264544
31,synthetix,28623d6ec7805636e93f0cb306357965bdb43247
32,synthetix,3c9eca63f13955a5c6b4816bed80ef253937bb1d
33,synthetix,b1b8592e525231abd37df4f59cd5d44a3ca782c0
34,synthetix,5c7e67ba325f8506c34e163b215ae36a16537a91
35,synthetix,b015b8f576be630b16dfbb9b978de671878d4917
36,synthetix,67c3b0790784aeac8ab28d8d84ad68609a196c0e
37,synthetix,cffec48b24be2799e58b87c736243546dc6a2237
38,synthetix,c8f53fe66c0a7ccddde16ec971ecd5e043f20000
39,synthetix,62750484b104f8e9378eb947f552d545c79749c5
40,synthetix,fdd59f718bb21662e812511b70913acf55860a42
41,synthetix,7ab352e29fd3dca37747768ef87c2ceb0b9df107
42,synthetix,ac301dde8e547682207de4ed29fb35aa16067cc5
43,synthetix,2f4791a10b1d40696c01e9c1ac7cae05b3b0e58c
44,synthetix,48fd87f88abc609020034832aecc3b93d0af1836
45,synthetix,56ba08010f21be291b4514b9539aeac47fb4c8b3
46,synthetix,384b7e5ba0c33f4631563326935e144895f4a1f4
47,synthetix,35a604a0d552af8b915068ecbbcfea58497fc464
48,synthetix,d21ebcb1b4da0727d9d264bc5aa28978c10259ef
49,synthetix,d316c2b66b302b0ae820177384238a00f467dc16
50,synthetix,6dfb859aea340d439c5c5b79584e07a46e981434
51,synthetix,ff2e07a8d4b82c072853c496af1b6cec8cc99358
52,synthetix,e7d82234aa5ee3d2a355e8fe5b7505e3ff121afc
53,synthetix,5b85f2433e2a5a1843e0624e7ee18b736873e916
54,synthetix,6ff0607c727164f4c428ce19d3e0b756e2d4d6c6
55,synthetix,f8055df5b1133bef3c98bd24fd021c102b6a4e7d
56,synthetix,e78e44dca96b18d6168ed097ad5c0821fbe85b04
57,synthetix,906852c6b74d1f36e649f5ae18481bbe22126206
58,synthetix,e309f15728090e0a36b419f693d4d8faffaec121
59,synthetix,389fd55dfc001b5fdac9714ea59801a1aa30e638
60,synthetix,f345f7c015d77d59d9783f2a16c66556340171be
61,synthetix,7ce8e25977a058ed0354cfb25f4cb7c06fce6160
62,synthetix,8d6fa0b155681d8a38d66d8ad37eca89b96dba4d
63,synthetix,78cb31fc613ffb120b90c875bb5f36e25fabe9a4
64,synthetix,a738c8752d71cd7e2da57bc1e49f0f89efc91866
65,synthetix,b767cf9ad44db1342160d9003983551d85c64465
66,synthetix,c71001a8d2cdc32f1b5202e93431c96a6c5b11ec
67,synthetix,46554841adc5294510c5ad149e40df2a340d3a19
68,synthetix,48e1490330f52597c4d26d3e143f842ef456c82c
69,synthetix,916cfa6463364ce2510a9defa15b0b822e8b2a7c
70,synthetix,5ede278f66e61d9fae0f5306038a9ea72f364b35
71,synthetix,095f9ff4aa3e64bcadb2e30c9a25b0562be6d3b9
72,synthetix,4c7a90ca333421bf0fe810d49d6e001210cd13c4
73,synthetix,b9adb2a969fabeda0abc809167f2e3535c29b840
74,synthetix,2ec6f4d0f6dc6af64db8668872e0e62b84857d9f
75,synthetix,7cc98fff01878a874b1acd18003ee1aaf6ac9122
76,synthetix,5b5cdaf509d183d64f7583dc6632d2d13e8b871d
77,synthetix,d28e223bb745454c6642b34881c2d7d72efc8afb
78,synthetix,71653560e8f7f2f1ef617389e12e8da4efedce11
79,synthetix,bd60d1fb34f86dcdcb6b5fc752a0f97e023b5ffc
80,synthetix,698240e423a9581dce5a4fcf0465f1aa150c9aa4
81,synthetix,81d1d0203d8b9911bf1574344b1f58731d4279f6
82,synthetix,26450e700805be57c1da9c42c4d7927e39164813
83,synthetix,66c398a913619214e4ac2a228d96fe5e799e923f
84,synthetix,5002e36725c83015725c00206b7620c2effb0244
85,synthetix,d983fae17773b715e3444c6aa0fca4c29a6e185a
86,synthetix,7c77658f027a8ccd4f6c66d5d6e5dc90cbef65be
87,synthetix,ae1a9358fc013ac02bac4fd427b566558fc9e415
88,synthetix,679dfc7bfeac90935c79c1b82a1e6ec10c6ba8dd
89,synthetix,df82571574eb23f89749b8f34c5955d6b4585dba
90,synthetix,af7228b99650e003e8e97d44e480cb927ddbd4d0
91,synthetix,78b05290fc90ce2accd24724da03e579fbf1c6e0
92,synthetix,f32afa7a241d7b17f0029f4df77ffd516dc2b066
93,synthetix,0b1e5ea5046a53e1905d176980aa09b61981b676
94,synthetix,8ae4d13a40121d32111f7c83cbf159779ee1baf8
95,synthetix,cb8c04e0608eb1b4736c3d4d30bd7da2f771d264
96,synthetix,0184022c4cce9b6736fe4618b693d916041ac2f1
97,synthetix,19d6bf51979f17191a3b44197955e342382c9af9
98,synthetix,4feb4402ce7768dea9bcb08e6d0a546c8ed6ad39
99,synthetix,860995ed9195431f98eb841b605a4b1e06e8f9fb
100,synthetix,73533906fca1bf81c29aa621a5dba753ccc8b388
101,synthetix,3b6d1b324fb17ff8139c0341316cde4592020a1a
102,synthetix,5a451dac130ed4634ec14bcd4203e9054914e521
103,synthetix,a7aa39ccf7ebdac13dde4985e675e7063f044a5f
104,synthetix,6bb29fc71426098b39793b308b4206ea3d0fdd80
105,synthetix,1478b9e317d397fd73f607eb40bc7d5b56b57f20
106,synthetix,8c9acd50c0dfc7a4c563e0a1fb532893e186f3df
107,synthetix,4eb4e972f08133f83d55dac56291d53fbac85f0c
108,synthetix,2288c401e989b5d7f71fd6f7957af0e53bae288d
109,synthetix,3eba55b66f4360b45435cd2a71e0e91c8d1caf0c
110,synthetix,12bf2685fcb7fc61d82f852e1609d5324ee167d2
111,synthetix,375f3a5279ae395b2c3b400a0eb882ca0e3209fe
112,synthetix,3cbf9c02ed9bee38a4f199cc4bfd4d1f7be853d9
113,synthetix,893c5076ee5422b3646d4d84ccd1247016a35432
114,synthetix,61fb40f97193bc79ca1d69717175e61ff58f058b
115,synthetix,b35b198dbef898199f56d1f4b6e30a07fd2ae065
116,synthetix,401da8da838156b98760a0dab3f01228e3aef7b1
117,synthetix,950adf544ba433a84160f52cd3cded215bd5445e
118,synthetix,04f79fc26b03abe410add8dcc214b4aa3b901ace
119,synthetix,0a841a2bcbe83873bfedfb5f68d413a5f73a11e8
120,synthetix,edf26b221853b3dbff2cce3861441a1235b5efd0
121,synthetix,4c8c6e89c786c77dcf589068e6d44fef2d3a51a8
122,synthetix,fbb9ca433898eb0fc94bfc31cf30191a05f116ed
123,synthetix,d7a8012c2e617cc481195a70bee035e29a683cc3
124,synthetix,ec1ab377732dcc72814af99b3c2a7c6e20aaa12f
125,synthetix,5a449c088c6c9011b386e4fc3ae0e4f91c125335
126,synthetix,c832ebc77a07d3e236e213c7b60f65bff99b154a
127,synthetix,57309aa6897f4c89a6b30bf48e7432b32fb6e5d0
128,synthetix,f7ed92ab98a029c07809bf14afe92f02c26f32c2
129,synthetix,c79966490f5a6d9d04b3ac06a7c3466463abde9b
130,synthetix,b85b6e5b03bcc181949addf5dea3f840ebd5ad46
131,synthetix,4f2dea6d1b51497619662b20e22a8678d8383e8f
132,synthetix,0a49b17c4a168ff786b6b13945938ce3a677f0c7
133,synthetix,e7dc8be6476df845d52999cc41bf9e2b50226411
134,synthetix,a179ff47ddeeea325d115e8e37a835319ebca444
135,synthetix,73c275556c057a9feb2193f034d39e80eb244e63
136,synthetix,3174387918171098b013dd915ac8504e47a62961
137,synthetix,ec1a2cfa3ec2da2022c4fb4bef06a310367f175d
138,synthetix,0ee2eb178fcbb9ffcca1dd10ace90eb231b18a2e
139,synthetix,433da0103e44b6811514beac31e48b221faa86b4
140,synthetix,41259a954fde88cfe100810be3a0b4958a05bcbc
141,synthetix,6ce767dd253efced5f438edb5190edfcb1363b40
142,synthetix,dedc8064427c13773b87115333544a54360ad283
143,synthetix,14d051cce8076ee8eb8efed0ffd3c1656ed436aa
144,synthetix,8708b4adab8fc20c873fbd394652c29a8faf2a57
145,synthetix,80341889758a999e98727c03cdac83d6568baf84
146,synthetix,14c1103417851a38909d9a8971ceb7f1141a5885
147,synthetix,0fd96e256123224a95240bd8287cbf2e90eadc66
148,synthetix,fcc6b0d28a2f3d536e0b84c5159df07a5f0eeb03
149,synthetix,1ad4aab9112c1d0f72e6d186a7d65d64af8f3eda
150,synthetix,15b4ed92bbc4d34af068bcfdbe6d64074b7f3278
151,synthetix,f1806b6d14b6d88b29c89adf14e28aa8cefa9b37
152,synthetix,70672c6f93c03c9bfb00bd9e091933f46ca7984c
153,synthetix,533cc83edcf04b88519472dcb8dfb250e065adc4
154,synthetix,2736349ac047a70b94dfbe27172d22974fb093fc
155,synthetix,d41f16753625e0ea25006f131d56fb5d809530ef
156,synthetix,87a9def4d24ceec701dde4a2d158ead6759c730c
157,synthetix,32f5fb82efd4ea0bafa186593525eec03792c60d
