,repo,commit
0,tokenbridge-contracts,4b0eb1e2fc8a709dd08770f62199452ebf8ba617
1,tokenbridge-contracts,f1deecde4a76dc7cd57ae466be884e6e145a95c2
2,tokenbridge-contracts,37177d30f7926aa9476e68729f9f02da9fa61645
3,tokenbridge-contracts,de37e25b4ba004fffa9f15664d3b7f49e8b48f41
4,tokenbridge-contracts,1166e00c5b976295914d625504f3b53b7bfc945c
5,tokenbridge-contracts,79ae98c64f3e3ae0d85d15e354c187f375f8cd7a
6,tokenbridge-contracts,2d9efe29377ec73bf646b23142446ed7893cb75a
7,tokenbridge-contracts,2def0318bba2fc4dba61b8c3e03df183364da96a
8,tokenbridge-contracts,8748332d28cb9ea10d5a2f81c9ffb9d8c295363a
9,tokenbridge-contracts,dcb1cb94029230842a2748b5ab6e1b0e888283bc
10,tokenbridge-contracts,a420caf522a5dfd209d0cbb045825a2319724343
11,tokenbridge-contracts,75c3f95bb9d4b13b2b4531fe6fd27760e13ffc1f
12,tokenbridge-contracts,adf9993208ba326815d5af215fc0366504cd3262
13,tokenbridge-contracts,aebb1ed768d763d06b46f656a20615e02bbd75df
14,tokenbridge-contracts,06e4565886a13973e6d9814a570a8d520af5698f
15,tokenbridge-contracts,7bf4e0629a91e07d204d174ba48f469ad6412509
16,tokenbridge-contracts,f48c36647f0714931cd87173e38e7398a24abe87
17,tokenbridge-contracts,907bde5d21939a68594d83167648fe3433581854
18,tokenbridge-contracts,ab0e1c1ec4e40e9500aee8e3a88b37f904669d2d
19,tokenbridge-contracts,73c01b2d9199bfe72721202a0d5c2b5871bc6258
20,tokenbridge-contracts,6a7e0d25baa4b2f3c106ef13bc19bcd4c59d34d3
21,tokenbridge-contracts,b66a678648ea89b6441382c7a7adefb3b0b02667
22,tokenbridge-contracts,dc099b872bd9251cc75d495575b5b65c6097c1a8
23,tokenbridge-contracts,df1fa675138a0d18f3a276cb89b166c77b9c2482
24,tokenbridge-contracts,90a7a8011254a71ad57a3260720c6764e4e74876
25,tokenbridge-contracts,79f82773474d6759899ef8b3ef22bd20376971bd
26,tokenbridge-contracts,5a92a57c8f1f5e77606247f99165c6e77dfd5ccc
27,tokenbridge-contracts,e32ef6e1f2cc78a07fd96a321b426a64a2f87132
28,tokenbridge-contracts,95f236205b2652b4bfe507ac376de5626d75cf52
29,tokenbridge-contracts,5a69e97ffadc798c93b4f074cea7404a04e980e6
30,tokenbridge-contracts,8d995fb72b040ccbf76d4e11b049ab20b4b21a09
31,tokenbridge-contracts,e752e94ec1a73162fac7f525ce7c1180280fcfbc
32,tokenbridge-contracts,fbf81a83b948c46d02893e50c8f006d797c9fba6
33,tokenbridge-contracts,9bbaf56aa5e25da1c5b0f43d630b7d30842224c9
34,tokenbridge-contracts,9a349739fb11a67b620eb241a857e8704c86f7c0
35,tokenbridge-contracts,9d219727c6888afd31042bdb8a0dc20b85f6fb01
36,tokenbridge-contracts,8ea03335e34a0a0027a9fe97bf024023cfc437c8
37,tokenbridge-contracts,60695559b121ac5c81a32ff5418415bde09747d0
38,tokenbridge-contracts,e4a3cf4d9d95a7f53d8aae7ca65dd749a934dc16
39,tokenbridge-contracts,ab07c560c479b70d4188ff21db4cc599daf3957c
40,tokenbridge-contracts,414e437b60e09a8e9ea79bc38b7a8a90d3d377a5
41,tokenbridge-contracts,aa2470a208327c612c16aba745286853bcc6b335
42,tokenbridge-contracts,e4888ff3d920365c95122f4381f0f52632eea99f
43,tokenbridge-contracts,c36af23bf2e3e670498c12dd96214d470af095eb
44,tokenbridge-contracts,4bb8e9df211209916139b573778225f8d199447d
45,tokenbridge-contracts,57dfe2285f18f5ecd2f9f0ee7a111b1fbcaaf307
46,tokenbridge-contracts,2db543fdafc51da77705032cca3b0528d5e95a38
47,tokenbridge-contracts,1da503d7f04061e8765541404d83e76f69e5ab57
48,tokenbridge-contracts,9de3aa03ab33dc816372a65fb06a925ec42f50e7
49,tokenbridge-contracts,7ab6c35e21136239978ff2217e316d72a1d2a611
50,tokenbridge-contracts,810470ebae8aca51aa6a04835cb76f323e5965cc
51,tokenbridge-contracts,1f1281ed8c04b029a30bd830928762d0e08c5d2b
52,tokenbridge-contracts,d4e9d831dc7212fd97730c8403540fb2db447388
53,tokenbridge-contracts,4c8c1063cdd8d066dfc4ac37ce51d4f88ac14931
54,tokenbridge-contracts,e49979600b42631d8e378fa75a10841e296ce17f
55,tokenbridge-contracts,f99f21a02cddf6c1316ae5bd59115c1317246cf4
56,tokenbridge-contracts,cb33ddbb3b2d10c7c3eb7ce50b440c4f7a6344e5
57,tokenbridge-contracts,78977401b2176ed0faa4041923d7ed183d94d2d9
