,repo,commit
0,trusttoken-smart-contracts,7c9da715949b2a9be6f3de6644d3101ea2f84ddd
1,trusttoken-smart-contracts,d1dc74560567e7731602c17e9155c9927b4ece3c
2,trusttoken-smart-contracts,79accf38e2d5ee673a852ac1516ad10ae103224c
3,trusttoken-smart-contracts,eec10b59eac8456fce412f73b3de42476bb807fa
4,trusttoken-smart-contracts,07d029f01c8d4574ef81ce34e452c707731e9b77
5,trusttoken-smart-contracts,bb867aab98a75e682b2603deff15ec303131d74d
6,trusttoken-smart-contracts,f750770b9354512517f2dfa7fe12f9d94d40d092
7,trusttoken-smart-contracts,7817fdf378d5f592d7fc7cef2bea352194c9128e
8,trusttoken-smart-contracts,2f1e95c24f7b28e12ef20b634e42dba1cd956527
9,trusttoken-smart-contracts,4dd57fa4fb2bafe6d0d41aeca154587388e4c712
10,trusttoken-smart-contracts,52472d1fc394da03d6bd8e0dba2d0736a25ac1be
11,trusttoken-smart-contracts,d51317e63d368e6cc16275e97750d4235ab6b085
12,trusttoken-smart-contracts,0b5505ba99bef99e7bae6acd486b926ddbd50852
13,trusttoken-smart-contracts,15d10202159f15b9927f74b98b41530b3b3da72e
14,trusttoken-smart-contracts,b350e86a55b2018527aea200545b5ff006423568
15,trusttoken-smart-contracts,951bfbd9371959b89f3cf1a1271f8b2ec3a7da3e
16,trusttoken-smart-contracts,8374c789f31e37b4880979c38b5e1d7cd9853848
17,trusttoken-smart-contracts,8fe3633be4dfcdcfaa74924d7fccdc62e87b20de
18,trusttoken-smart-contracts,114c6fd01a7596aa2df0a37b56b9b5c77365ea27
19,trusttoken-smart-contracts,cde4a33ff3a6c697320710dfbcd01ad8ef1df782
20,trusttoken-smart-contracts,67f3dd15feaa700e3fdd517c5ca2f6da1f42a5ad
21,trusttoken-smart-contracts,097d6bfa052ddcdb0b89ce8db8f6acd80fdf05a4
22,trusttoken-smart-contracts,8fdabbb20da86c6c8578ccd68614d39b63d8d2bc
23,trusttoken-smart-contracts,9a0ce7aa6dc24793a7825b9646a14c4b1fee3230
24,trusttoken-smart-contracts,0005939f6959ecdc477cd98f35cde054295e868e
25,trusttoken-smart-contracts,7e49f9eb03e2404fb8b896d5020621f2b3b09a5e
26,trusttoken-smart-contracts,392fd62b0324efa3884ac86d2d3f68c01f034c58
27,trusttoken-smart-contracts,3b9ff6dba6468414184db25ca2cefb3c112f8211
28,trusttoken-smart-contracts,eeb531bee24edbd75d27a6de1412686ab11a1e33
29,trusttoken-smart-contracts,a21346030cad586f616bcdf1f2e7b5d508d1e9a9
30,trusttoken-smart-contracts,6c75855b4457c4c89fee99887d931045ddcdc43f
31,trusttoken-smart-contracts,9b62977b14847ac93617e3287ad5ae7b433b9166
32,trusttoken-smart-contracts,6f28fa027a577cfdf5b5d5d55339eab941defec1
33,trusttoken-smart-contracts,212059e2f890c5551b7cd76455788ca330b1d7cc
34,trusttoken-smart-contracts,9dba0fedd36e067c1b1e51d3da68851954f24bb6
35,trusttoken-smart-contracts,fd27b19fa7dca900439a56fbc9f8eb5081c1f92f
36,trusttoken-smart-contracts,cbd1f70a9655d85b2176dca16c8855195a7e1910
37,trusttoken-smart-contracts,d8831896ac246d838085d6e8ad9224d16850cc89
38,trusttoken-smart-contracts,5654d90bf44b3cf206f8dd0272bb0f28c36e6d1c
39,trusttoken-smart-contracts,a56fea42bc198f80467d96887fe6346828526e2e
40,trusttoken-smart-contracts,e21aea14af960acf64f09c83415c9f5d5640caed
41,trusttoken-smart-contracts,26a26bf1edc71332a498c61ef49e28fd36456635
42,trusttoken-smart-contracts,3d5371ec9f7dc5f85806b6109892c570b694c6b3
43,trusttoken-smart-contracts,7ab5d792a820a725967dec825e5ab726277e4284
44,trusttoken-smart-contracts,bf7a09389e9c141c77aaa4b18572206c3b6e196f
45,trusttoken-smart-contracts,f2266f6806c3c0a01b16317bdd0aa1aa98991fa8
46,trusttoken-smart-contracts,2b12d2dabab2b09975bc57e04b99f5ece46c65c3
47,trusttoken-smart-contracts,993b23e1ca56e963df07865494c003d124e8c88e
48,trusttoken-smart-contracts,0f07206b660392c4a8bc7e600a5ecd75d0ec6380
49,trusttoken-smart-contracts,cf2369adf2590760a7d3362f3bbf3bde55fff5a2
50,trusttoken-smart-contracts,ad7504832defe89f84d9831337d8d32017d04db6
51,trusttoken-smart-contracts,b6fceb111ac99f1486688898f61e6fab15c2bc77
52,trusttoken-smart-contracts,a1730c3ecc6e82b069ecd6ba1bec602b22b06d2a
53,trusttoken-smart-contracts,071cb99ab7621b37cef2cdccbae932571411ff0b
54,trusttoken-smart-contracts,2692b212a7d725b8de0e2ac0085368926f7dbed0
55,trusttoken-smart-contracts,3473b05ab6ff68c70940ef12fef1f02f028976e5
56,trusttoken-smart-contracts,52aebba347a1172a5b5f349a19e9eef48c2869f9
57,trusttoken-smart-contracts,a290dc9df1da94fff41c030d8e31c01a835c473f
58,trusttoken-smart-contracts,fac483ba9f017a798c0ef20bacfcca2596484bc9
59,trusttoken-smart-contracts,7e88ba143cf050acffa35a8bfde3b831d22d91ec
60,trusttoken-smart-contracts,61d5add875249acc2c55816a993960abf8d3d138
61,trusttoken-smart-contracts,e28f2fd75c7b5e04c33c9c9dca7948de2f4e2774
62,trusttoken-smart-contracts,8edd371f1d68f98ea8f07b09a50cba5612e93de3
63,trusttoken-smart-contracts,0d9cdeb554425fa403e3e10e98072676d0277257
64,trusttoken-smart-contracts,5d7f1b977a9f70480170c96629cb9887025974af
65,trusttoken-smart-contracts,a8dbfc45104c5373869dcea38279939e59a0be51
66,trusttoken-smart-contracts,3448743c91a0337b97d6a425b297a4d814982bf0
67,trusttoken-smart-contracts,a96a83e6fd8511f9aad748a4a5194685a27d06f3
68,trusttoken-smart-contracts,f2ae924aa7eafb6e511a385decff8b14fe9a8175
69,trusttoken-smart-contracts,50552f7ff03b4587d4cfb28442a44d5aa6fd014c
70,trusttoken-smart-contracts,86a80c93a8b83725536e66048d3a7efc5b501880
71,trusttoken-smart-contracts,cb194a43fbb854b00d93e14151b085e55e9f1223
72,trusttoken-smart-contracts,ee3d26e2c9d4f4c074ec9b6f9eba30ffe46f4f7c
73,trusttoken-smart-contracts,4e509b8e1497825b3da061e307f88df5525227a8
74,trusttoken-smart-contracts,616fffe442a8c36e2e4c4b4f2124870f02b6a316
75,trusttoken-smart-contracts,bdbf370328747d6fc39c9a9c94377f7cc692d025
76,trusttoken-smart-contracts,3262205fc2df944aa2ac61b5a815b1e2896feb64
77,trusttoken-smart-contracts,40c18860d1203335a1ecf101cc9d4e6c04cf1eb3
78,trusttoken-smart-contracts,d8991a256c0c7c7d8c5164bcc1083531a3e361da
79,trusttoken-smart-contracts,87036fa8e79d6a0dd3f337cfbcb37596a3b20ceb
80,trusttoken-smart-contracts,a6f016dec08ba67246690759f4fa6daa82294323
81,trusttoken-smart-contracts,66b8a6908dba1a01073364b5537d0078eda2410a
82,trusttoken-smart-contracts,f9702e1205573b8088b3f3fa4c0043b84a47c968
83,trusttoken-smart-contracts,92e696d52ef507b3f769ad7e1685b18d88f44edf
84,trusttoken-smart-contracts,b17acb6be3675645263de5dac52da2f23fe69176
85,trusttoken-smart-contracts,001e13b60788de0e7ffbe222641d067f7ebfe420
86,trusttoken-smart-contracts,bfd25b77699520c6e9310126f1f60add4c560ad5
87,trusttoken-smart-contracts,df0392ed80dcf1801f6ea35b37eeda2abc36ad37
88,trusttoken-smart-contracts,ff7c7b8f82455e68bdcf1a761237283d6266a104
89,trusttoken-smart-contracts,f6233b53c346614f16b93f3b5e59d18adf08f139
90,trusttoken-smart-contracts,80a2e4107ed1378c2046bdd719eeccfaea0b7c1c
91,trusttoken-smart-contracts,94d238cb8a9796975900f6f99644fef376740ebc
92,trusttoken-smart-contracts,6d35b38b4e9264c2864658c72021e1bb1ed95b8d
93,trusttoken-smart-contracts,2f2c281c2676cdcd7e1d3793bcd194aaa9d68fa8
94,trusttoken-smart-contracts,e2146fdffa1130a7044c153e3446be87b67826e9
95,trusttoken-smart-contracts,1bb31989933b63560f2419706600955341c52ca2
96,trusttoken-smart-contracts,ece313f63c01c6aa4b5c57146083c6df6e484313
97,trusttoken-smart-contracts,9b1e905dada57b9a2ab47510753a78b51617031d
98,trusttoken-smart-contracts,be96fa92d9263945242c289ef544adaad7c0e20c
99,trusttoken-smart-contracts,9498aba3e260508feff4a6491f17a3ab6dfffebe
100,trusttoken-smart-contracts,e4e28f112e950fb1349c6245479bf428e3ade417
101,trusttoken-smart-contracts,2d0873aa29c7123507d906379a0795258fa44773
102,trusttoken-smart-contracts,12858cdf71715e5e54eefaf7b5d0e659d9601099
103,trusttoken-smart-contracts,d6d2e7425374b393949d76d61b30eb1887eb7a9d
104,trusttoken-smart-contracts,cf9520c7a05af51b4b5d751defcf0360017c482e
105,trusttoken-smart-contracts,ec93e90812114f3558d093bd739b680ed96829f8
106,trusttoken-smart-contracts,ab24ed82316b3acd35b3ded534eff2e563621baf
107,trusttoken-smart-contracts,301bedf7e9f3094cbefd0040de95516ba37a1afd
108,trusttoken-smart-contracts,0fbd16ba17bdcca7a81fc81eb150af651de5c392
109,trusttoken-smart-contracts,70caf4d179c8ace5d1c50c6b56d988637b0b9649
110,trusttoken-smart-contracts,aff0b5e3281424fa0ac8cb105fec06eebf110555
111,trusttoken-smart-contracts,450e4f9a4acf5cabf348340f1fde18e5f4a5be27
112,trusttoken-smart-contracts,8cd4c44041f13bf8239e517acd60e7619baed9f7
113,trusttoken-smart-contracts,64a2fbc65f421141b73d770d0028e314480ff489
114,trusttoken-smart-contracts,4bc2ed67357708874af3eec989e2583e62c27242
115,trusttoken-smart-contracts,a9989b700b73306d349d34300f4498001b4e887d
116,trusttoken-smart-contracts,07754c48e2a71a8dd1a187ac67787bfbaabe07ed
117,trusttoken-smart-contracts,f7b671c267cb1784cec4ceb5e0c6a2de15e3e120
118,trusttoken-smart-contracts,e28e150723c84f326a90ca026b885c04c9bb1114
119,trusttoken-smart-contracts,4bd3fc33cc4bfd7b8e94f00be341d66ec08c0118
120,trusttoken-smart-contracts,267b78a5dc5a8f5f41a048bd336a98fc3c8b7b02
121,trusttoken-smart-contracts,72d2ebc6c6a35641af068ed49d230dee7e23c17f
122,trusttoken-smart-contracts,a68dedbc9619709ba9e7b329cb0d4b218a3e3c03
123,trusttoken-smart-contracts,660af32b9e45cbadc0b6b8c28c51380d1539999d
124,trusttoken-smart-contracts,e9ab189ab404600e0b80f6b98283e45242a376bd
125,trusttoken-smart-contracts,fd52835f5449c1a43c33cdbf233a8633cb1f146f
126,trusttoken-smart-contracts,d38705d99f7d3ea354dca00f37d1ed2a7dd945c1
127,trusttoken-smart-contracts,ae8d6205e713d5aa1aa6f4e2122e95fc22ed2e23
128,trusttoken-smart-contracts,e0bd4b093d82a7cec38c22757da2ca0c8791768a
129,trusttoken-smart-contracts,24619c9b67e11cfe7f7ebbf047ad3b4b59d9bd4c
130,trusttoken-smart-contracts,d24a7717189682849fe0f209b538e7077b0bfea7
131,trusttoken-smart-contracts,57954319bf3a7e95c21acf344e2930b39d726a77
132,trusttoken-smart-contracts,47dc1bccdb10106c1b1e48bf9b369767b6a4b341
133,trusttoken-smart-contracts,fb4a14563baa8e4acdbc5652e341f059f3518f2b
134,trusttoken-smart-contracts,595d2d3d6961505d0f77089c1b1f8283e5b868ee
135,trusttoken-smart-contracts,e0fc3240b863927f8fd91c57746e702a2016a72a
136,trusttoken-smart-contracts,6227fec4a6300f8106c4f3cd40bab4bfc7ad9393
137,trusttoken-smart-contracts,5ec5982614119d8b2edcbb50ce925fbd19061a27
138,trusttoken-smart-contracts,cb9a11c41e78cbf52bde0a9961722a05aeec6847
139,trusttoken-smart-contracts,c1b8b9629fd0783c91c19c2c72eb0b365503b238
140,trusttoken-smart-contracts,da8532af6654b1d472abf6c56057b4ee0080c12f
141,trusttoken-smart-contracts,c97787c10ec313f5e0d5ed0279efff30450bed5a
142,trusttoken-smart-contracts,0f8e3f876bb3ad7cede4bd86a220fdcf052e5cb5
143,trusttoken-smart-contracts,4fd6ea8bd72aec5ef4db545d3b0b11f020f7b2c3
144,trusttoken-smart-contracts,ac15bccb78913b4eb3764ee4faa769bbd3391250
145,trusttoken-smart-contracts,f11ec5f472bfbadaa651640143cbfd699ef84fbf
146,trusttoken-smart-contracts,65ec2ef157ea27a195ac3dfac3dde41bb69ce86d
147,trusttoken-smart-contracts,4cdff5b92cff53b93a44b688979329404ae4abe6
148,trusttoken-smart-contracts,f54dbc938c3d0853049e96836c7c0de3df2a10d5
149,trusttoken-smart-contracts,1e1ec976d20731ab6d4bf4f5481b9f349867f667
150,trusttoken-smart-contracts,c0ec2abdff57f4d91c4c5ddf6de8b49e75665928
151,trusttoken-smart-contracts,ae61f1428ae7fcac23b761c846a77a0860f897a8
152,trusttoken-smart-contracts,8a903122dce3fe5c2968ef05cb380dc786b9dcc6
153,trusttoken-smart-contracts,1ec0c7bbc030a3882f2d96f1ec236b4fa253f59e
154,trusttoken-smart-contracts,b29c2e0d60eedb0c6dfeafdbf0019ec331389844
155,trusttoken-smart-contracts,0c109220815dfcd75e02f3f0d048592b093fef52
156,trusttoken-smart-contracts,e6a3a91456ee8377e99f0b11fd5a2df00c8b4ca3
157,trusttoken-smart-contracts,b4a11712c590b0e658c2e5353111f9fd72be3cdd
158,trusttoken-smart-contracts,a435d1bde4414a5544cd36522e0527d8c17467ae
159,trusttoken-smart-contracts,7bfa51ae4f06d30c22acfd71fe5d916b5d0fbde0
160,trusttoken-smart-contracts,ba1d5d494fe575c5eb687fbc3d305c4f5efea91f
161,trusttoken-smart-contracts,3cbada1c93118048e7f78fa4bbb0221f5a7b8631
162,trusttoken-smart-contracts,5fbfb2c263fe16589ff35a73395b0b12df903643
163,trusttoken-smart-contracts,4409757baa211186af6b1759a351550a7b77b6b6
164,trusttoken-smart-contracts,0555c578cc8aa4d8001696a57ebf721da594a312
165,trusttoken-smart-contracts,5a4651ce275471101f12ce11391bb18f9cfae993
166,trusttoken-smart-contracts,9c7cf764d886ed73e6ec6e94ef381820a1b860c4
167,trusttoken-smart-contracts,bd684d8d5552d677a39b5ee0f9df07f0e054cb2d
168,trusttoken-smart-contracts,cbf31ce4de31c23eee098af9188cdbe9d8ad4b06
169,trusttoken-smart-contracts,2270f40448c254ebc9667c2a948870cf6e7bffc9
170,trusttoken-smart-contracts,b0da3ef6e28040f32ac1663c92e8e77ea4b5b92d
171,trusttoken-smart-contracts,00f118d9962c122636e7e7477c8c4c32f00c708d
172,trusttoken-smart-contracts,da44a47babbbb9686b0a2a48a67ce5404d882173
173,trusttoken-smart-contracts,7557f63c5b30a1be74930b8fa8203b7ba471e409
174,trusttoken-smart-contracts,abb2d5d74984495b19e1df20b865394026ae0289
175,trusttoken-smart-contracts,c71d8e4f75e5163859e86e354af7d838af0770de
176,trusttoken-smart-contracts,946fcc6c97483c07188fe616d0865b76e4db7d1f
