,repo,commit
0,uniswap-v2-periphery,69617118cda519dab608898d62aaa79877a61004
1,uniswap-v2-periphery,2ad7da28a6f70ec4299364bc1608af8f30e7646b
2,uniswap-v2-periphery,f18015afd557b32a8f9a2497d4d328bea61cf58a
3,uniswap-v2-periphery,3563d08692382697497a4f3686ba9599c028c4c5
4,uniswap-v2-periphery,779a1bca7bd8736592365926183a1a6864d70185
5,uniswap-v2-periphery,cb6af63cef2e2bda0d8be0e1e3a3112fe1c54d7c
6,uniswap-v2-periphery,7f3502cd7e6bfa541d3bc1074b6cf2baf2adeade
7,uniswap-v2-periphery,596adc9421f9721264a7791e37cade0e82e6dfc1
8,uniswap-v2-periphery,213050349154f35e6391d88597e4b8818448b350
