,repo,commit
0,WETH10,2ad4e7f8f4f5c538310ae0d33a8d3cab114c6b91
1,WETH10,55ce4f27f053f6731310b1387510cafa2bd89596
2,WETH10,6d84ce2af09f0518e87ee3c497cb65c4b7d96811
3,WETH10,efa5f7dfc97701fc2230197fff1ca2edf2a12281
4,WETH10,32ad93bf2ecf1721e037affca9f4520ce4391f2b
5,WETH10,fb3468f876592a51e6c8e7988052edbfd11e5008
6,WETH10,c154df0dd703b9afd855a5a114c9f1118d79e1cd
7,WETH10,79fb4eb628a4ec7812a14c104bb950b8e1ac24b2
8,WETH10,539be7e97963003849a930cab2c933aa9063ae94
9,WETH10,788a304a6211ae0ec4bf742231b7c4a9fb3546f2
10,WETH10,ce54cb939e974e598b723798fd1ca9511ddfbace
11,WETH10,f661566e68d4c9141f2ca566ccdd4a9cd940869c
12,WETH10,bf2df386c998eaa7569de752321f8d4951efc9db
13,WETH10,832b823cc09035726278077ac667c8da50dfd18c
14,WETH10,21bdee636d78f5125d1e8151d7764c1fd55953fe
15,WETH10,0f25b5892c9b354972f50f0bb833f322a204edae
16,WETH10,1dd151cf814ae743e677f0f07418d456cb11e55b
17,WETH10,3633c784d6940d3e5e2a8cc9b2139cfe34a1326e
18,WETH10,6d83a3eb63bdd40e36a1b4fe3d8507ffe942d72a
19,WETH10,c4a14e53c8e15936b246af10036308b43b8fd543
20,WETH10,2b5a1c637be5ccb46f649bcd4ff6366e2d8c6396
21,WETH10,664657c29b1ed5bc6ee6e6e6d627bf2fb1ce63f6
22,WETH10,190c1b0cdb9d42c645b224475f00d82665f556b6
23,WETH10,cbd905034f2a0921d083c5c4b2454c708d2b41cd
24,WETH10,cd0760ffb1863fbab2d0262e4f9d222e4cab3fcc
25,WETH10,eecfdf48cc943df5bfad5d2585b225f36eccdc9b
26,WETH10,4cdae8ec5d5de98099d2dbfa64a8bfb357a3eaab
27,WETH10,f112d86989cb9ac0a9566c83a0620c2d47c0437a
28,WETH10,ba99de0cc35bd97c75f7ed082be01a0441a166de
29,WETH10,83dbab91850fb6403fd0ffad83bf1ca83b879822
30,WETH10,530c2012759bc7f3447ee0e9926f6b799a7a8701
31,WETH10,9aea3b1ed11af64014917fa2a8b900fc86396bb6
32,WETH10,0a0c06b8f3d2d921944ad51391a7a874b5014a7e
33,WETH10,fbfa8855fe8141c1ea545a2ddc54d4d4c651c017
