,repo,commit
0,yearn-protocol,7b7d4042f87d6e854b00de9228c01f6f587cf0c0
1,yearn-protocol,a73dc9cfc1a3117674a3917bc4fdfe14f81779b6
2,yearn-protocol,79a56097d80ba58919abe0392782b34b3e6c4d4a
3,yearn-protocol,6865c6700ff9d7fae762d41a74f2928167ccacc6
4,yearn-protocol,fe21dfdcd00843d9a5d2d2961cc2fb032688a088
5,yearn-protocol,9ee222c1751bfe302de9d28653d01759d216173a
6,yearn-protocol,f06e448d3f11a3c181fa181c782067f5f81deae9
7,yearn-protocol,5773c36e3ad5786a7f45eb027f97b9c3dccf403c
8,yearn-protocol,24bf54a558d97d188e39b6204443be5673102b10
9,yearn-protocol,d9f106e302a4c894d145eb8d76363aa39f4dbf4a
10,yearn-protocol,f28df08141193e9f3dcf46a0d130a2484f95c82d
11,yearn-protocol,7597f10236c8ade4e3c44622db902a94005e1428
12,yearn-protocol,a09899dd722154e84ea501e481d867b5bedba1c2
13,yearn-protocol,43c1b003f604aacf5135a6ced536b9f44ec369aa
